{
  "full": 0.9808503732554366,
  "k1": 0.6355670473317532,
  "k2": 0.7998967779989677,
  "k3": 0.89986885751755,
  "k5": 0.9714585181004596
}