{
  "centered_cka": {
    "iid": {
      "vanilla_vs_mlm": 0.442136,
      "vanilla_vs_9class": 0.392865,
      "mlm_vs_9class": 0.585814
    },
    "dd_ood": {
      "vanilla_vs_mlm": 0.797107,
      "vanilla_vs_9class": 0.648811,
      "mlm_vs_9class": 0.773282
    }
  },
  "uncentered_cka": {
    "iid": {
      "vanilla_vs_mlm": 0.999987,
      "vanilla_vs_9class": 0.420627,
      "mlm_vs_9class": 0.422119
    },
    "dd_ood": {
      "vanilla_vs_mlm": 0.999993,
      "vanilla_vs_9class": 0.523343,
      "mlm_vs_9class": 0.523185
    }
  },
  "layerwise_centered_cka": {
    "iid": {
      "vanilla_vs_mlm": {
        "layer_0": 0.0,
        "layer_1": 0.999321,
        "layer_2": 0.998567,
        "layer_3": 0.998053,
        "layer_4": 0.987357,
        "layer_5": 0.972959,
        "layer_6": 0.932789,
        "layer_7": 0.975683,
        "layer_8": 0.981397,
        "layer_9": 0.939958,
        "layer_10": 0.955386,
        "layer_11": 0.500355,
        "layer_12": 0.442136
      },
      "vanilla_vs_9class": {
        "layer_0": 0.0,
        "layer_1": 0.99135,
        "layer_2": 0.993835,
        "layer_3": 0.988278,
        "layer_4": 0.988018,
        "layer_5": 0.887381,
        "layer_6": 0.645634,
        "layer_7": 0.723451,
        "layer_8": 0.589173,
        "layer_9": 0.535624,
        "layer_10": 0.732783,
        "layer_11": 0.265077,
        "layer_12": 0.392865
      },
      "mlm_vs_9class": {
        "layer_0": 0.0,
        "layer_1": 0.990267,
        "layer_2": 0.990339,
        "layer_3": 0.986402,
        "layer_4": 0.971855,
        "layer_5": 0.940176,
        "layer_6": 0.592427,
        "layer_7": 0.654096,
        "layer_8": 0.585278,
        "layer_9": 0.636693,
        "layer_10": 0.766232,
        "layer_11": 0.445147,
        "layer_12": 0.585814
      }
    },
    "dd_ood": {
      "vanilla_vs_mlm": {
        "layer_0": 0.0,
        "layer_1": 0.998894,
        "layer_2": 0.998158,
        "layer_3": 0.997608,
        "layer_4": 0.988937,
        "layer_5": 0.996462,
        "layer_6": 0.971539,
        "layer_7": 0.99089,
        "layer_8": 0.992698,
        "layer_9": 0.973036,
        "layer_10": 0.991009,
        "layer_11": 0.716358,
        "layer_12": 0.797107
      },
      "vanilla_vs_9class": {
        "layer_0": 0.0,
        "layer_1": 0.989108,
        "layer_2": 0.994184,
        "layer_3": 0.987807,
        "layer_4": 0.984187,
        "layer_5": 0.986423,
        "layer_6": 0.77091,
        "layer_7": 0.850032,
        "layer_8": 0.858407,
        "layer_9": 0.83825,
        "layer_10": 0.853931,
        "layer_11": 0.503638,
        "layer_12": 0.648811
      },
      "mlm_vs_9class": {
        "layer_0": 0.0,
        "layer_1": 0.990716,
        "layer_2": 0.990667,
        "layer_3": 0.980845,
        "layer_4": 0.968917,
        "layer_5": 0.987767,
        "layer_6": 0.795832,
        "layer_7": 0.817278,
        "layer_8": 0.854793,
        "layer_9": 0.864301,
        "layer_10": 0.865065,
        "layer_11": 0.722175,
        "layer_12": 0.773282
      }
    }
  },
  "layerwise_uncentered_cka": {
    "iid": {
      "vanilla_vs_mlm": {
        "layer_0": 1.0,
        "layer_1": 1.0,
        "layer_2": 1.0,
        "layer_3": 1.0,
        "layer_4": 1.0,
        "layer_5": 1.0,
        "layer_6": 1.0,
        "layer_7": 1.0,
        "layer_8": 1.0,
        "layer_9": 1.0,
        "layer_10": 1.0,
        "layer_11": 0.999916,
        "layer_12": 0.999987
      },
      "vanilla_vs_9class": {
        "layer_0": 1.0,
        "layer_1": 1.0,
        "layer_2": 1.0,
        "layer_3": 1.0,
        "layer_4": 1.0,
        "layer_5": 1.0,
        "layer_6": 1.0,
        "layer_7": 1.0,
        "layer_8": 1.0,
        "layer_9": 1.0,
        "layer_10": 1.0,
        "layer_11": 0.925453,
        "layer_12": 0.420627
      },
      "mlm_vs_9class": {
        "layer_0": 1.0,
        "layer_1": 1.0,
        "layer_2": 1.0,
        "layer_3": 1.0,
        "layer_4": 1.0,
        "layer_5": 1.0,
        "layer_6": 1.0,
        "layer_7": 1.0,
        "layer_8": 1.0,
        "layer_9": 1.0,
        "layer_10": 1.0,
        "layer_11": 0.926772,
        "layer_12": 0.422119
      }
    },
    "dd_ood": {
      "vanilla_vs_mlm": {
        "layer_0": 1.0,
        "layer_1": 1.0,
        "layer_2": 1.0,
        "layer_3": 1.0,
        "layer_4": 1.0,
        "layer_5": 1.0,
        "layer_6": 1.0,
        "layer_7": 1.0,
        "layer_8": 1.0,
        "layer_9": 1.0,
        "layer_10": 1.0,
        "layer_11": 0.99992,
        "layer_12": 0.999993
      },
      "vanilla_vs_9class": {
        "layer_0": 1.0,
        "layer_1": 1.0,
        "layer_2": 1.0,
        "layer_3": 1.0,
        "layer_4": 1.0,
        "layer_5": 1.0,
        "layer_6": 1.0,
        "layer_7": 1.0,
        "layer_8": 1.0,
        "layer_9": 1.0,
        "layer_10": 1.0,
        "layer_11": 0.967061,
        "layer_12": 0.523343
      },
      "mlm_vs_9class": {
        "layer_0": 1.0,
        "layer_1": 1.0,
        "layer_2": 1.0,
        "layer_3": 1.0,
        "layer_4": 1.0,
        "layer_5": 1.0,
        "layer_6": 1.0,
        "layer_7": 1.0,
        "layer_8": 1.0,
        "layer_9": 1.0,
        "layer_10": 1.0,
        "layer_11": 0.967895,
        "layer_12": 0.523185
      }
    }
  }
}