{
  "overall": {
    "f1_macro": 0.40298507462686567,
    "f1_per_class": [
      0.0,
      0.8059701492537313
    ],
    "accuracy": 0.675,
    "fpr_at_95tpr": NaN,
    "confusion_matrix": [
      [
        0,
        0
      ],
      [
        26,
        54
      ]
    ]
  },
  "early_detection": {
    "k=1": {
      "accuracy": 0.875,
      "f1_macro": 0.4666666666666667
    },
    "k=2": {
      "accuracy": 0.75,
      "f1_macro": 0.42857142857142855
    },
    "k=3": {
      "accuracy": 0.625,
      "f1_macro": 0.38461538461538464
    },
    "k=5": {
      "accuracy": 0.6,
      "f1_macro": 0.375
    }
  },
  "per_attack_type": {
    "deceptive_delight": {
      "f1_macro": 0.40298507462686567,
      "accuracy": 0.675,
      "n": 80
    }
  }
}