{
  "overall": {
    "f1_macro": 0.3798449612403101,
    "f1_per_class": [
      0.0,
      0.7596899224806202
    ],
    "accuracy": 0.6125,
    "fpr_at_95tpr": NaN,
    "confusion_matrix": [
      [
        0,
        0
      ],
      [
        31,
        49
      ]
    ]
  },
  "early_detection": {
    "k=1": {
      "accuracy": 0.8875,
      "f1_macro": 0.47019867549668876
    },
    "k=2": {
      "accuracy": 0.675,
      "f1_macro": 0.40298507462686567
    },
    "k=3": {
      "accuracy": 0.6625,
      "f1_macro": 0.39849624060150374
    },
    "k=5": {
      "accuracy": 0.6,
      "f1_macro": 0.375
    }
  },
  "per_attack_type": {
    "deceptive_delight": {
      "f1_macro": 0.3798449612403101,
      "accuracy": 0.6125,
      "n": 80
    }
  }
}