{
  "overall": {
    "f1_macro": 0.038461538461538464,
    "f1_per_class": [
      0.0,
      0.07692307692307693
    ],
    "accuracy": 0.04,
    "fpr_at_95tpr": NaN,
    "confusion_matrix": [
      [
        0,
        0
      ],
      [
        48,
        2
      ]
    ]
  },
  "early_detection": {
    "k=1": {
      "accuracy": 0.6,
      "f1_macro": 0.375
    },
    "k=2": {
      "accuracy": 0.12,
      "f1_macro": 0.10714285714285714
    },
    "k=3": {
      "accuracy": 0.06,
      "f1_macro": 0.05660377358490566
    },
    "k=5": {
      "accuracy": 0.04,
      "f1_macro": 0.038461538461538464
    }
  },
  "per_attack_type": {
    "actorattack": {
      "f1_macro": 0.038461538461538464,
      "accuracy": 0.04,
      "n": 50
    }
  }
}