{
  "overall": {
    "f1_macro": 0.4117647058823529,
    "f1_per_class": [
      0.0,
      0.8235294117647058
    ],
    "accuracy": 0.7,
    "fpr_at_95tpr": NaN,
    "confusion_matrix": [
      [
        0,
        0
      ],
      [
        15,
        35
      ]
    ]
  },
  "early_detection": {
    "k=1": {
      "accuracy": 0.26,
      "f1_macro": 0.20634920634920634
    },
    "k=2": {
      "accuracy": 0.08,
      "f1_macro": 0.07407407407407407
    },
    "k=3": {
      "accuracy": 0.18,
      "f1_macro": 0.15254237288135594
    },
    "k=5": {
      "accuracy": 0.7,
      "f1_macro": 0.4117647058823529
    }
  },
  "per_attack_type": {
    "actorattack": {
      "f1_macro": 0.4117647058823529,
      "accuracy": 0.7,
      "n": 50
    }
  }
}