{
  "overall": {
    "f1_macro": 0.8023235651118432,
    "f1_per_class": [
      0.7945205479452054,
      0.810126582278481
    ],
    "accuracy": 0.8026315789473685,
    "fpr_at_95tpr": 0.631578947368421,
    "confusion_matrix": [
      [
        29,
        9
      ],
      [
        6,
        32
      ]
    ]
  },
  "early_detection": {
    "k=1": {
      "accuracy": 0.6447368421052632,
      "f1_macro": 0.6016307513104251
    },
    "k=2": {
      "accuracy": 0.7763157894736842,
      "f1_macro": 0.773134328358209
    },
    "k=3": {
      "accuracy": 0.8026315789473685,
      "f1_macro": 0.8023235651118432
    },
    "k=5": {
      "accuracy": 0.7894736842105263,
      "f1_macro": 0.788888888888889
    }
  },
  "per_attack_type": {
    "Academic Disguise": {
      "f1_macro": 1.0,
      "accuracy": 1.0,
      "n": 3
    },
    "Classic Crescendo": {
      "f1_macro": 1.0,
      "accuracy": 1.0,
      "n": 3
    },
    "DAN Variant": {
      "f1_macro": 1.0,
      "accuracy": 1.0,
      "n": 4
    },
    "Emotional Path": {
      "f1_macro": 1.0,
      "accuracy": 1.0,
      "n": 3
    },
    "Full Spectrum": {
      "f1_macro": 1.0,
      "accuracy": 1.0,
      "n": 2
    },
    "Mixed Emotional": {
      "f1_macro": 1.0,
      "accuracy": 1.0,
      "n": 2
    },
    "Obfuscation Path": {
      "f1_macro": 1.0,
      "accuracy": 1.0,
      "n": 2
    },
    "benign": {
      "f1_macro": 0.43283582089552236,
      "accuracy": 0.7631578947368421,
      "n": 38
    },
    "persuasion-based": {
      "f1_macro": 0.40625,
      "accuracy": 0.6842105263157895,
      "n": 19
    }
  }
}