{
  "overall": {
    "f1_macro": 0.8146341463414635,
    "f1_per_class": [
      0.8292682926829268,
      0.8
    ],
    "accuracy": 0.8157894736842105,
    "fpr_at_95tpr": 0.6578947368421053,
    "confusion_matrix": [
      [
        34,
        4
      ],
      [
        10,
        28
      ]
    ]
  },
  "early_detection": {
    "k=1": {
      "accuracy": 0.6973684210526315,
      "f1_macro": 0.68824683431425
    },
    "k=2": {
      "accuracy": 0.8157894736842105,
      "f1_macro": 0.8152777777777778
    },
    "k=3": {
      "accuracy": 0.8157894736842105,
      "f1_macro": 0.8146341463414635
    },
    "k=5": {
      "accuracy": 0.7763157894736842,
      "f1_macro": 0.773134328358209
    }
  },
  "per_attack_type": {
    "Academic Disguise": {
      "f1_macro": 0.4,
      "accuracy": 0.6666666666666666,
      "n": 3
    },
    "Classic Crescendo": {
      "f1_macro": 1.0,
      "accuracy": 1.0,
      "n": 3
    },
    "DAN Variant": {
      "f1_macro": 1.0,
      "accuracy": 1.0,
      "n": 4
    },
    "Emotional Path": {
      "f1_macro": 1.0,
      "accuracy": 1.0,
      "n": 3
    },
    "Full Spectrum": {
      "f1_macro": 1.0,
      "accuracy": 1.0,
      "n": 2
    },
    "Mixed Emotional": {
      "f1_macro": 1.0,
      "accuracy": 1.0,
      "n": 2
    },
    "Obfuscation Path": {
      "f1_macro": 1.0,
      "accuracy": 1.0,
      "n": 2
    },
    "benign": {
      "f1_macro": 0.4722222222222222,
      "accuracy": 0.8947368421052632,
      "n": 38
    },
    "persuasion-based": {
      "f1_macro": 0.3448275862068966,
      "accuracy": 0.5263157894736842,
      "n": 19
    }
  }
}