{
  "overall": {
    "f1_macro": 0.494949494949495,
    "f1_per_class": [
      0.0,
      0.98989898989899
    ],
    "accuracy": 0.98,
    "fpr_at_95tpr": NaN,
    "confusion_matrix": [
      [
        0,
        0
      ],
      [
        1,
        49
      ]
    ]
  },
  "early_detection": {
    "k=1": {
      "accuracy": 0.02,
      "f1_macro": 0.0196078431372549
    },
    "k=2": {
      "accuracy": 0.0,
      "f1_macro": 0.0
    },
    "k=3": {
      "accuracy": 0.0,
      "f1_macro": 0.0
    },
    "k=5": {
      "accuracy": 0.36,
      "f1_macro": 0.2647058823529412
    }
  },
  "per_attack_type": {
    "deceptive_delight": {
      "f1_macro": 0.494949494949495,
      "accuracy": 0.98,
      "n": 50
    }
  }
}