{
  "overall": {
    "f1_macro": 0.43661971830985913,
    "f1_per_class": [
      0.0,
      0.8732394366197183
    ],
    "accuracy": 0.775,
    "fpr_at_95tpr": NaN,
    "confusion_matrix": [
      [
        0,
        0
      ],
      [
        18,
        62
      ]
    ]
  },
  "early_detection": {
    "k=1": {
      "accuracy": 0.1625,
      "f1_macro": 0.13978494623655913
    },
    "k=2": {
      "accuracy": 0.0875,
      "f1_macro": 0.08045977011494253
    },
    "k=3": {
      "accuracy": 0.2625,
      "f1_macro": 0.2079207920792079
    },
    "k=5": {
      "accuracy": 0.775,
      "f1_macro": 0.43661971830985913
    }
  },
  "per_attack_type": {
    "actorattack": {
      "f1_macro": 0.43661971830985913,
      "accuracy": 0.775,
      "n": 80
    }
  }
}