{
  "overall": {
    "f1_macro": 0.3277310924369748,
    "f1_per_class": [
      0.0,
      0.6554621848739496
    ],
    "accuracy": 0.4875,
    "fpr_at_95tpr": NaN,
    "confusion_matrix": [
      [
        0,
        0
      ],
      [
        41,
        39
      ]
    ]
  },
  "early_detection": {
    "k=1": {
      "accuracy": 0.475,
      "f1_macro": 0.3220338983050847
    },
    "k=2": {
      "accuracy": 0.5125,
      "f1_macro": 0.33884297520661155
    },
    "k=3": {
      "accuracy": 0.4875,
      "f1_macro": 0.3277310924369748
    },
    "k=5": {
      "accuracy": 0.5125,
      "f1_macro": 0.33884297520661155
    }
  },
  "per_attack_type": {
    "actorattack": {
      "f1_macro": 0.3277310924369748,
      "accuracy": 0.4875,
      "n": 80
    }
  }
}