{
  "overall": {
    "f1_macro": 0.29337636391578303,
    "f1_per_class": [
      0.2962962962962963,
      0.29045643153526973
    ],
    "accuracy": 0.29338842975206614,
    "fpr_at_95tpr": 0.10526315789473684,
    "confusion_matrix": [
      [
        36,
        2
      ],
      [
        169,
        35
      ]
    ]
  },
  "early_detection": {
    "k=1": {
      "accuracy": 0.30165289256198347,
      "f1_macro": 0.30154555546067796
    },
    "k=2": {
      "accuracy": 0.2975206611570248,
      "f1_macro": 0.29747267759562845
    },
    "k=3": {
      "accuracy": 0.2975206611570248,
      "f1_macro": 0.29747267759562845
    },
    "k=5": {
      "accuracy": 0.2975206611570248,
      "f1_macro": 0.29747267759562845
    }
  },
  "per_attack_type": {
    "human_jailbreak": {
      "f1_macro": 0.14644351464435146,
      "accuracy": 0.1715686274509804,
      "n": 204
    },
    "unknown": {
      "f1_macro": 0.4864864864864865,
      "accuracy": 0.9473684210526315,
      "n": 38
    }
  }
}