{
  "encoder": "roberta-base",
  "variant": "mlm-only",
  "per_seed": {
    "seed42": {
      "stage1": {
        "best_val_loss": 0.8544196053477027
      },
      "stage2": {
        "best_val_loss": 1.8074487976215046e-06,
        "best_val_acc": 1.0
      },
      "dd_ood": {
        "k1": 0.9511387163561077,
        "k2": 0.943934114665822,
        "k3": 0.943934114665822,
        "k5": 0.9621794871794871,
        "full": 0.9621794871794871
      },
      "iid": {
        "full": 1.0
      }
    },
    "seed123": {
      "stage1": {
        "best_val_loss": 0.848482686524023
      },
      "stage2": {
        "best_val_loss": 2.2412446942571723e-05,
        "best_val_acc": 1.0
      },
      "dd_ood": {
        "k1": 0.9600271002710027,
        "k2": 1.0,
        "k3": 1.0,
        "k5": 1.0,
        "full": 1.0
      },
      "iid": {
        "full": 1.0
      }
    },
    "seed456": {
      "stage1": {
        "best_val_loss": 0.8623076707278691
      },
      "stage2": {
        "best_val_loss": 4.2272511415536904e-05,
        "best_val_acc": 1.0
      },
      "dd_ood": {
        "k1": 0.9173669467787114,
        "k2": 0.9803136469803136,
        "k3": 0.9803136469803136,
        "k5": 0.9902277432712215,
        "full": 1.0
      },
      "iid": {
        "full": 1.0
      }
    }
  }
}