{
  "overall": {
    "f1_macro": 0.9604647130223687,
    "f1_per_class": [
      0.958904109589041,
      0.9620253164556962
    ],
    "accuracy": 0.9605263157894737,
    "fpr_at_95tpr": 0.0,
    "confusion_matrix": [
      [
        35,
        3
      ],
      [
        0,
        38
      ]
    ]
  },
  "early_detection": {
    "k=1": {
      "accuracy": 0.8026315789473685,
      "f1_macro": 0.7966827180310326
    },
    "k=2": {
      "accuracy": 0.9473684210526315,
      "f1_macro": 0.9472222222222222
    },
    "k=3": {
      "accuracy": 0.9473684210526315,
      "f1_macro": 0.9472222222222222
    },
    "k=5": {
      "accuracy": 0.9736842105263158,
      "f1_macro": 0.9736659736659736
    }
  },
  "per_attack_type": {
    "Academic Disguise": {
      "f1_macro": 1.0,
      "accuracy": 1.0,
      "n": 4
    },
    "Classic Crescendo": {
      "f1_macro": 1.0,
      "accuracy": 1.0,
      "n": 5
    },
    "DAN Variant": {
      "f1_macro": 1.0,
      "accuracy": 1.0,
      "n": 4
    },
    "Emotional Path": {
      "f1_macro": 1.0,
      "accuracy": 1.0,
      "n": 7
    },
    "Full Spectrum": {
      "f1_macro": 1.0,
      "accuracy": 1.0,
      "n": 5
    },
    "Obfuscation Path": {
      "f1_macro": 1.0,
      "accuracy": 1.0,
      "n": 4
    },
    "Role + Obfuscation": {
      "f1_macro": 1.0,
      "accuracy": 1.0,
      "n": 9
    },
    "unknown": {
      "f1_macro": 0.4794520547945205,
      "accuracy": 0.9210526315789473,
      "n": 38
    }
  }
}