{
  "encoder": "roberta-base",
  "variant": "9-class",
  "per_seed": {
    "seed42": {
      "stage1": {
        "best_epoch": 2,
        "val_persuasion_acc": 0.8301886792452831,
        "val_intent_acc": 1.0,
        "val_loss": 0.4614901670604612
      },
      "stage2": {
        "best_val_loss": 0.0,
        "best_val_acc": 1.0
      },
      "dd_ood": {
        "k1": 1.0,
        "k2": 0.9903618394184432,
        "k3": 0.9808503732554366,
        "k5": 1.0,
        "full": 1.0
      },
      "iid": {
        "full": 1.0
      }
    },
    "seed123": {
      "stage1": {
        "best_epoch": 3,
        "val_persuasion_acc": 0.8490566037735849,
        "val_intent_acc": 1.0,
        "val_loss": 0.46177205318101006
      },
      "stage2": {
        "best_val_loss": 0.0,
        "best_val_acc": 1.0
      },
      "dd_ood": {
        "k1": 0.9714585181004596,
        "k2": 0.9260651629072681,
        "k3": 0.9530067702110713,
        "k5": 0.9808503732554366,
        "full": 0.9903618394184432
      },
      "iid": {
        "full": 1.0
      }
    },
    "seed456": {
      "stage1": {
        "best_epoch": 3,
        "val_persuasion_acc": 0.8421955403087479,
        "val_intent_acc": 1.0,
        "val_loss": 0.4250637091744985
      },
      "stage2": {
        "best_val_loss": 0.0,
        "best_val_acc": 1.0
      },
      "dd_ood": {
        "k1": 0.9903618394184432,
        "k2": 0.9349555083077408,
        "k3": 0.9349555083077408,
        "k5": 0.9808503732554366,
        "full": 0.9903618394184432
      },
      "iid": {
        "full": 1.0
      }
    }
  },
  "mean_std": {
    "dd_ood_k1": {
      "mean": 0.9872734525063009,
      "std": 0.011854890623557499
    },
    "dd_ood_k2": {
      "mean": 0.9504608368778173,
      "std": 0.028446758024365443
    },
    "dd_ood_k3": {
      "mean": 0.9562708839247495,
      "std": 0.01887812642352123
    },
    "dd_ood_k5": {
      "mean": 0.987233582170291,
      "std": 0.009027220618848052
    },
    "dd_ood_full": {
      "mean": 0.9935745596122955,
      "std": 0.0045434724702557725
    }
  }
}