{
  "overall": {
    "f1_macro": 0.46236559139784944,
    "f1_per_class": [
      0.0,
      0.9247311827956989
    ],
    "accuracy": 0.86,
    "fpr_at_95tpr": NaN,
    "confusion_matrix": [
      [
        0,
        0
      ],
      [
        7,
        43
      ]
    ]
  },
  "early_detection": {
    "k=1": {
      "accuracy": 0.94,
      "f1_macro": 0.4845360824742268
    },
    "k=2": {
      "accuracy": 0.74,
      "f1_macro": 0.42528735632183906
    },
    "k=3": {
      "accuracy": 0.72,
      "f1_macro": 0.4186046511627907
    },
    "k=5": {
      "accuracy": 0.76,
      "f1_macro": 0.4318181818181818
    }
  },
  "per_attack_type": {
    "deceptive_delight": {
      "f1_macro": 0.46236559139784944,
      "accuracy": 0.86,
      "n": 50
    }
  }
}