{
  "overall": {
    "f1_macro": 0.1111111111111111,
    "f1_per_class": [
      0.0,
      0.2222222222222222
    ],
    "accuracy": 0.125,
    "fpr_at_95tpr": NaN,
    "confusion_matrix": [
      [
        0,
        0
      ],
      [
        70,
        10
      ]
    ]
  },
  "early_detection": {
    "k=1": {
      "accuracy": 0.2125,
      "f1_macro": 0.17525773195876287
    },
    "k=2": {
      "accuracy": 0.15,
      "f1_macro": 0.13043478260869565
    },
    "k=3": {
      "accuracy": 0.125,
      "f1_macro": 0.1111111111111111
    },
    "k=5": {
      "accuracy": 0.1,
      "f1_macro": 0.09090909090909091
    }
  },
  "per_attack_type": {
    "actorattack": {
      "f1_macro": 0.1111111111111111,
      "accuracy": 0.125,
      "n": 80
    }
  }
}