{
  "overall": {
    "f1_macro": 0.4838709677419355,
    "f1_per_class": [
      0.0,
      0.967741935483871
    ],
    "accuracy": 0.9375,
    "fpr_at_95tpr": NaN,
    "confusion_matrix": [
      [
        0,
        0
      ],
      [
        5,
        75
      ]
    ]
  },
  "early_detection": {
    "k=1": {
      "accuracy": 0.9875,
      "f1_macro": 0.4968553459119497
    },
    "k=2": {
      "accuracy": 0.8875,
      "f1_macro": 0.47019867549668876
    },
    "k=3": {
      "accuracy": 0.8875,
      "f1_macro": 0.47019867549668876
    },
    "k=5": {
      "accuracy": 0.8875,
      "f1_macro": 0.47019867549668876
    }
  },
  "per_attack_type": {
    "deceptive_delight": {
      "f1_macro": 0.4838709677419355,
      "accuracy": 0.9375,
      "n": 80
    }
  }
}