{
  "overall": {
    "f1_macro": 0.24242424242424243,
    "f1_per_class": [
      0.0,
      0.48484848484848486
    ],
    "accuracy": 0.32,
    "fpr_at_95tpr": NaN,
    "confusion_matrix": [
      [
        0,
        0
      ],
      [
        34,
        16
      ]
    ]
  },
  "early_detection": {
    "k=1": {
      "accuracy": 0.68,
      "f1_macro": 0.40476190476190477
    },
    "k=2": {
      "accuracy": 0.5,
      "f1_macro": 0.3333333333333333
    },
    "k=3": {
      "accuracy": 0.4,
      "f1_macro": 0.2857142857142857
    },
    "k=5": {
      "accuracy": 0.36,
      "f1_macro": 0.2647058823529412
    }
  },
  "per_attack_type": {
    "actorattack": {
      "f1_macro": 0.24242424242424243,
      "accuracy": 0.32,
      "n": 50
    }
  }
}