{
  "encoder": "roberta-base",
  "variant": "vanilla",
  "per_seed": {
    "seed42": {
      "stage2": {
        "best_val_loss": 0.006228254392201937,
        "best_val_acc": 1.0
      },
      "dd_ood": {
        "k1": 0.7674282794364552,
        "k2": 0.7105339105339106,
        "k3": 0.7023423423423423,
        "k5": 0.8326241134751773,
        "full": 0.943934114665822
      },
      "iid": {
        "full": 1.0
      }
    },
    "seed123": {
      "stage2": {
        "best_val_loss": 0.00018346680008107796,
        "best_val_acc": 1.0
      },
      "dd_ood": {
        "k1": 0.9903618394184432,
        "k2": 0.9903618394184432,
        "k3": 0.9903618394184432,
        "k5": 1.0,
        "full": 1.0
      },
      "iid": {
        "full": 1.0
      }
    },
    "seed456": {
      "stage2": {
        "best_val_loss": 1.61060864204931e-05,
        "best_val_acc": 1.0
      },
      "dd_ood": {
        "k1": 0.9803136469803136,
        "k2": 1.0,
        "k3": 1.0,
        "k5": 1.0,
        "full": 1.0
      },
      "iid": {
        "full": 1.0
      }
    }
  },
  "mean_std": {
    "dd_ood_k1": {
      "mean": 0.912701255278404,
      "std": 0.10280538142626584
    },
    "dd_ood_k2": {
      "mean": 0.9002985833174512,
      "std": 0.1342415653770773
    },
    "dd_ood_k3": {
      "mean": 0.8975680605869285,
      "std": 0.13810149488192827
    },
    "dd_ood_k5": {
      "mean": 0.9442080378250591,
      "std": 0.07890174957920815
    },
    "dd_ood_full": {
      "mean": 0.981311371555274,
      "std": 0.02642971180868311
    }
  }
}