{
  "overall": {
    "f1_macro": 0.8539682539682539,
    "f1_per_class": [
      0.7676767676767676,
      0.9402597402597402
    ],
    "accuracy": 0.9049586776859504,
    "fpr_at_95tpr": 0.0,
    "confusion_matrix": [
      [
        38,
        0
      ],
      [
        23,
        181
      ]
    ]
  },
  "early_detection": {
    "k=1": {
      "accuracy": 0.9049586776859504,
      "f1_macro": 0.8539682539682539
    },
    "k=2": {
      "accuracy": 0.9049586776859504,
      "f1_macro": 0.8539682539682539
    },
    "k=3": {
      "accuracy": 0.9049586776859504,
      "f1_macro": 0.8539682539682539
    },
    "k=5": {
      "accuracy": 0.9049586776859504,
      "f1_macro": 0.8539682539682539
    }
  },
  "per_attack_type": {
    "human_jailbreak": {
      "f1_macro": 0.4701298701298701,
      "accuracy": 0.8872549019607843,
      "n": 204
    },
    "unknown": {
      "f1_macro": 1.0,
      "accuracy": 1.0,
      "n": 38
    }
  }
}