{
  "overall": {
    "f1_macro": 0.9868398268398269,
    "f1_per_class": [
      0.9866666666666667,
      0.987012987012987
    ],
    "accuracy": 0.9868421052631579,
    "fpr_at_95tpr": 0.0,
    "confusion_matrix": [
      [
        37,
        1
      ],
      [
        0,
        38
      ]
    ]
  },
  "early_detection": {
    "k=1": {
      "accuracy": 0.9605263157894737,
      "f1_macro": 0.9605194805194806
    },
    "k=2": {
      "accuracy": 1.0,
      "f1_macro": 1.0
    },
    "k=3": {
      "accuracy": 1.0,
      "f1_macro": 1.0
    },
    "k=5": {
      "accuracy": 0.9868421052631579,
      "f1_macro": 0.9868398268398269
    }
  },
  "per_attack_type": {
    "Academic Disguise": {
      "f1_macro": 1.0,
      "accuracy": 1.0,
      "n": 3
    },
    "Classic Crescendo": {
      "f1_macro": 1.0,
      "accuracy": 1.0,
      "n": 3
    },
    "DAN Variant": {
      "f1_macro": 1.0,
      "accuracy": 1.0,
      "n": 4
    },
    "Emotional Path": {
      "f1_macro": 1.0,
      "accuracy": 1.0,
      "n": 3
    },
    "Full Spectrum": {
      "f1_macro": 1.0,
      "accuracy": 1.0,
      "n": 2
    },
    "Mixed Emotional": {
      "f1_macro": 1.0,
      "accuracy": 1.0,
      "n": 2
    },
    "Obfuscation Path": {
      "f1_macro": 1.0,
      "accuracy": 1.0,
      "n": 2
    },
    "benign": {
      "f1_macro": 0.49333333333333335,
      "accuracy": 0.9736842105263158,
      "n": 38
    },
    "persuasion-based": {
      "f1_macro": 1.0,
      "accuracy": 1.0,
      "n": 19
    }
  }
}