{
  "overall": {
    "f1_macro": 0.3449150219298246,
    "f1_per_class": [
      0.30701754385964913,
      0.3828125
    ],
    "accuracy": 0.34710743801652894,
    "fpr_at_95tpr": 0.7894736842105263,
    "confusion_matrix": [
      [
        35,
        3
      ],
      [
        155,
        49
      ]
    ]
  },
  "early_detection": {
    "k=1": {
      "accuracy": 0.30165289256198347,
      "f1_macro": 0.2941196775919502
    },
    "k=2": {
      "accuracy": 0.34297520661157027,
      "f1_macro": 0.34044121428204116
    },
    "k=3": {
      "accuracy": 0.34297520661157027,
      "f1_macro": 0.34044121428204116
    },
    "k=5": {
      "accuracy": 0.3512396694214876,
      "f1_macro": 0.34936210291977055
    }
  },
  "per_attack_type": {
    "human_jailbreak": {
      "f1_macro": 0.19367588932806323,
      "accuracy": 0.24019607843137256,
      "n": 204
    },
    "unknown": {
      "f1_macro": 0.4794520547945205,
      "accuracy": 0.9210526315789473,
      "n": 38
    }
  }
}