{
  "overall": {
    "f1_macro": 0.9736659736659736,
    "f1_per_class": [
      0.972972972972973,
      0.9743589743589743
    ],
    "accuracy": 0.9736842105263158,
    "fpr_at_95tpr": 0.0,
    "confusion_matrix": [
      [
        36,
        2
      ],
      [
        0,
        38
      ]
    ]
  },
  "early_detection": {
    "k=1": {
      "accuracy": 0.8552631578947368,
      "f1_macro": 0.8521662245800177
    },
    "k=2": {
      "accuracy": 0.8947368421052632,
      "f1_macro": 0.8940766550522647
    },
    "k=3": {
      "accuracy": 0.9473684210526315,
      "f1_macro": 0.9473319473319473
    },
    "k=5": {
      "accuracy": 0.9868421052631579,
      "f1_macro": 0.9868398268398269
    }
  },
  "per_attack_type": {
    "Academic Disguise": {
      "f1_macro": 1.0,
      "accuracy": 1.0,
      "n": 4
    },
    "Classic Crescendo": {
      "f1_macro": 1.0,
      "accuracy": 1.0,
      "n": 5
    },
    "DAN Variant": {
      "f1_macro": 1.0,
      "accuracy": 1.0,
      "n": 4
    },
    "Emotional Path": {
      "f1_macro": 1.0,
      "accuracy": 1.0,
      "n": 7
    },
    "Full Spectrum": {
      "f1_macro": 1.0,
      "accuracy": 1.0,
      "n": 5
    },
    "Obfuscation Path": {
      "f1_macro": 1.0,
      "accuracy": 1.0,
      "n": 4
    },
    "Role + Obfuscation": {
      "f1_macro": 1.0,
      "accuracy": 1.0,
      "n": 9
    },
    "unknown": {
      "f1_macro": 0.4864864864864865,
      "accuracy": 0.9473684210526315,
      "n": 38
    }
  }
}