{
  "overall": {
    "f1_macro": 0.03614457831325301,
    "f1_per_class": [
      0.0,
      0.07228915662650602
    ],
    "accuracy": 0.0375,
    "fpr_at_95tpr": NaN,
    "confusion_matrix": [
      [
        0,
        0
      ],
      [
        77,
        3
      ]
    ]
  },
  "early_detection": {
    "k=1": {
      "accuracy": 0.075,
      "f1_macro": 0.06976744186046512
    },
    "k=2": {
      "accuracy": 0.05,
      "f1_macro": 0.047619047619047616
    },
    "k=3": {
      "accuracy": 0.0,
      "f1_macro": 0.0
    },
    "k=5": {
      "accuracy": 0.0125,
      "f1_macro": 0.012345679012345678
    }
  },
  "per_attack_type": {
    "deceptive_delight": {
      "f1_macro": 0.03614457831325301,
      "accuracy": 0.0375,
      "n": 80
    }
  }
}