{
  "overall": {
    "f1_macro": 0.12,
    "f1_per_class": [
      0.24,
      0.0
    ],
    "accuracy": 0.13636363636363635,
    "fpr_at_95tpr": 0.9210526315789473,
    "confusion_matrix": [
      [
        33,
        5
      ],
      [
        204,
        0
      ]
    ]
  },
  "early_detection": {
    "k=1": {
      "accuracy": 0.15702479338842976,
      "f1_macro": 0.1357142857142857
    },
    "k=2": {
      "accuracy": 0.15702479338842976,
      "f1_macro": 0.1357142857142857
    },
    "k=3": {
      "accuracy": 0.15702479338842976,
      "f1_macro": 0.1357142857142857
    },
    "k=5": {
      "accuracy": 0.15702479338842976,
      "f1_macro": 0.1357142857142857
    }
  },
  "per_attack_type": {
    "human_jailbreak": {
      "f1_macro": 0.0,
      "accuracy": 0.0,
      "n": 204
    },
    "unknown": {
      "f1_macro": 0.4647887323943662,
      "accuracy": 0.868421052631579,
      "n": 38
    }
  }
}