{
  "overall": {
    "f1_macro": 0.26605504587155965,
    "f1_per_class": [
      0.0,
      0.5321100917431193
    ],
    "accuracy": 0.3625,
    "fpr_at_95tpr": NaN,
    "confusion_matrix": [
      [
        0,
        0
      ],
      [
        51,
        29
      ]
    ]
  },
  "early_detection": {
    "k=1": {
      "accuracy": 0.4125,
      "f1_macro": 0.2920353982300885
    },
    "k=2": {
      "accuracy": 0.2875,
      "f1_macro": 0.22330097087378642
    },
    "k=3": {
      "accuracy": 0.325,
      "f1_macro": 0.24528301886792453
    },
    "k=5": {
      "accuracy": 0.3,
      "f1_macro": 0.23076923076923078
    }
  },
  "per_attack_type": {
    "actorattack": {
      "f1_macro": 0.26605504587155965,
      "accuracy": 0.3625,
      "n": 80
    }
  }
}