{
  "description": "exp16 re-evaluation on balanced OOD sets (attack + benign from mixed_llm/test.jsonl)",
  "dataset_composition": {
    "dd_ood": "80 attack + 38 benign = 118",
    "aa_ood": "80 attack + 38 benign = 118",
    "fitd_ood": "80 attack + 38 benign = 118"
  },
  "per_checkpoint": {
    "vanilla_seed42": {
      "dd_ood": {
        "f1_macro": 0.24992248062015504,
        "precision_macro": 0.31845238095238093,
        "recall_macro": 0.4598684210526316,
        "f1_per_class": [
          0.4533333333333333,
          0.046511627906976744
        ],
        "confusion_matrix": [
          [
            34,
            4
          ],
          [
            78,
            2
          ]
        ],
        "n": 118,
        "n_jailbreak": 80,
        "n_benign": 38
      },
      "aa_ood": {
        "f1_macro": 0.3458195984417141,
        "precision_macro": 0.5206043956043956,
        "recall_macro": 0.5098684210526316,
        "f1_per_class": [
          0.4788732394366197,
          0.2127659574468085
        ],
        "confusion_matrix": [
          [
            34,
            4
          ],
          [
            70,
            10
          ]
        ],
        "n": 118,
        "n_jailbreak": 80,
        "n_benign": 38
      },
      "fitd_ood": {
        "f1_macro": 0.8606189463737302,
        "precision_macro": 0.8503805175038052,
        "recall_macro": 0.8786184210526315,
        "f1_per_class": [
          0.8192771084337349,
          0.9019607843137255
        ],
        "confusion_matrix": [
          [
            34,
            4
          ],
          [
            11,
            69
          ]
        ],
        "n": 118,
        "n_jailbreak": 80,
        "n_benign": 38
      }
    },
    "vanilla_seed123": {
      "dd_ood": {
        "f1_macro": 0.2398635846911709,
        "precision_macro": 0.27655055225148684,
        "recall_macro": 0.41348684210526315,
        "f1_per_class": [
          0.41379310344827586,
          0.06593406593406594
        ],
        "confusion_matrix": [
          [
            30,
            8
          ],
          [
            77,
            3
          ]
        ],
        "n": 118,
        "n_jailbreak": 80,
        "n_benign": 38
      },
      "aa_ood": {
        "f1_macro": 0.33008921330089214,
        "precision_macro": 0.4409888357256778,
        "recall_macro": 0.46348684210526314,
        "f1_per_class": [
          0.43795620437956206,
          0.2222222222222222
        ],
        "confusion_matrix": [
          [
            30,
            8
          ],
          [
            69,
            11
          ]
        ],
        "n": 118,
        "n_jailbreak": 80,
        "n_benign": 38
      },
      "fitd_ood": {
        "f1_macro": 0.8447368421052632,
        "precision_macro": 0.8447368421052632,
        "recall_macro": 0.8447368421052632,
        "f1_per_class": [
          0.7894736842105263,
          0.9
        ],
        "confusion_matrix": [
          [
            30,
            8
          ],
          [
            8,
            72
          ]
        ],
        "n": 118,
        "n_jailbreak": 80,
        "n_benign": 38
      }
    },
    "vanilla_seed456": {
      "dd_ood": {
        "f1_macro": 0.3834542815674891,
        "precision_macro": 0.4845317725752508,
        "recall_macro": 0.4878289473684211,
        "f1_per_class": [
          0.4461538461538462,
          0.32075471698113206
        ],
        "confusion_matrix": [
          [
            29,
            9
          ],
          [
            63,
            17
          ]
        ],
        "n": 118,
        "n_jailbreak": 80,
        "n_benign": 38
      },
      "aa_ood": {
        "f1_macro": 0.4915254237288136,
        "precision_macro": 0.562828947368421,
        "recall_macro": 0.562828947368421,
        "f1_per_class": [
          0.4915254237288136,
          0.4915254237288136
        ],
        "confusion_matrix": [
          [
            29,
            9
          ],
          [
            51,
            29
          ]
        ],
        "n": 118,
        "n_jailbreak": 80,
        "n_benign": 38
      },
      "fitd_ood": {
        "f1_macro": 0.8967086834733893,
        "precision_macro": 0.9321969696969696,
        "recall_macro": 0.8753289473684212,
        "f1_per_class": [
          0.8529411764705882,
          0.9404761904761905
        ],
        "confusion_matrix": [
          [
            29,
            9
          ],
          [
            1,
            79
          ]
        ],
        "n": 118,
        "n_jailbreak": 80,
        "n_benign": 38
      }
    },
    "mlm_seed42": {
      "dd_ood": {
        "f1_macro": 0.221978021978022,
        "precision_macro": 0.22642310960067968,
        "recall_macro": 0.3940789473684211,
        "f1_per_class": [
          0.4,
          0.04395604395604396
        ],
        "confusion_matrix": [
          [
            29,
            9
          ],
          [
            78,
            2
          ]
        ],
        "n": 118,
        "n_jailbreak": 80,
        "n_benign": 38
      },
      "aa_ood": {
        "f1_macro": 0.19727891156462585,
        "precision_macro": 0.13302752293577982,
        "recall_macro": 0.3815789473684211,
        "f1_per_class": [
          0.3945578231292517,
          0.0
        ],
        "confusion_matrix": [
          [
            29,
            9
          ],
          [
            80,
            0
          ]
        ],
        "n": 118,
        "n_jailbreak": 80,
        "n_benign": 38
      },
      "fitd_ood": {
        "f1_macro": 0.8873557233359368,
        "precision_macro": 0.9160177975528365,
        "recall_macro": 0.8690789473684211,
        "f1_per_class": [
          0.8405797101449275,
          0.9341317365269461
        ],
        "confusion_matrix": [
          [
            29,
            9
          ],
          [
            2,
            78
          ]
        ],
        "n": 118,
        "n_jailbreak": 80,
        "n_benign": 38
      }
    },
    "mlm_seed123": {
      "dd_ood": {
        "f1_macro": 0.4317323961994013,
        "precision_macro": 0.8418803418803419,
        "recall_macro": 0.5131578947368421,
        "f1_per_class": [
          0.05128205128205128,
          0.8121827411167513
        ],
        "confusion_matrix": [
          [
            1,
            37
          ],
          [
            0,
            80
          ]
        ],
        "n": 118,
        "n_jailbreak": 80,
        "n_benign": 38
      },
      "aa_ood": {
        "f1_macro": 0.3639125747329217,
        "precision_macro": 0.33944710260499733,
        "recall_macro": 0.4006578947368421,
        "f1_per_class": [
          0.03508771929824561,
          0.6927374301675978
        ],
        "confusion_matrix": [
          [
            1,
            37
          ],
          [
            18,
            62
          ]
        ],
        "n": 118,
        "n_jailbreak": 80,
        "n_benign": 38
      },
      "fitd_ood": {
        "f1_macro": 0.4317323961994013,
        "precision_macro": 0.8418803418803419,
        "recall_macro": 0.5131578947368421,
        "f1_per_class": [
          0.05128205128205128,
          0.8121827411167513
        ],
        "confusion_matrix": [
          [
            1,
            37
          ],
          [
            0,
            80
          ]
        ],
        "n": 118,
        "n_jailbreak": 80,
        "n_benign": 38
      }
    },
    "mlm_seed456": {
      "dd_ood": {
        "f1_macro": 0.21333333333333335,
        "precision_macro": 0.14285714285714285,
        "recall_macro": 0.42105263157894735,
        "f1_per_class": [
          0.4266666666666667,
          0.0
        ],
        "confusion_matrix": [
          [
            32,
            6
          ],
          [
            80,
            0
          ]
        ],
        "n": 118,
        "n_jailbreak": 80,
        "n_benign": 38
      },