{
  "overall": {
    "f1_macro": 0.0775412087912088,
    "f1_per_class": [
      0.008928571428571428,
      0.14615384615384616
    ],
    "accuracy": 0.08264462809917356,
    "fpr_at_95tpr": 1.0,
    "confusion_matrix": [
      [
        1,
        37
      ],
      [
        185,
        19
      ]
    ]
  },
  "early_detection": {
    "k=1": {
      "accuracy": 0.23140495867768596,
      "f1_macro": 0.22712912087912088
    },
    "k=2": {
      "accuracy": 0.23140495867768596,
      "f1_macro": 0.22712912087912088
    },
    "k=3": {
      "accuracy": 0.22727272727272727,
      "f1_macro": 0.22344058344058343
    },
    "k=5": {
      "accuracy": 0.14049586776859505,
      "f1_macro": 0.1402609824417572
    }
  },
  "per_attack_type": {
    "human_jailbreak": {
      "f1_macro": 0.08520179372197309,
      "accuracy": 0.09313725490196079,
      "n": 204
    },
    "unknown": {
      "f1_macro": 0.02564102564102564,
      "accuracy": 0.02631578947368421,
      "n": 38
    }
  }
}