{
  "overall": {
    "f1_macro": 0.8646207943738512,
    "f1_per_class": [
      0.7835051546391752,
      0.9457364341085271
    ],
    "accuracy": 0.9132231404958677,
    "fpr_at_95tpr": 0.0,
    "confusion_matrix": [
      [
        38,
        0
      ],
      [
        21,
        183
      ]
    ]
  },
  "early_detection": {
    "k=1": {
      "accuracy": 0.9132231404958677,
      "f1_macro": 0.8646207943738512
    },
    "k=2": {
      "accuracy": 0.9132231404958677,
      "f1_macro": 0.8646207943738512
    },
    "k=3": {
      "accuracy": 0.9132231404958677,
      "f1_macro": 0.8646207943738512
    },
    "k=5": {
      "accuracy": 0.9132231404958677,
      "f1_macro": 0.8646207943738512
    }
  },
  "per_attack_type": {
    "human_jailbreak": {
      "f1_macro": 0.4728682170542636,
      "accuracy": 0.8970588235294118,
      "n": 204
    },
    "unknown": {
      "f1_macro": 1.0,
      "accuracy": 1.0,
      "n": 38
    }
  }
}