{
  "overall": {
    "f1_macro": 0.36192421148173365,
    "f1_per_class": [
      0.05128205128205128,
      0.672566371681416
    ],
    "accuracy": 0.5131578947368421,
    "fpr_at_95tpr": 0.10526315789473684,
    "confusion_matrix": [
      [
        1,
        37
      ],
      [
        0,
        38
      ]
    ]
  },
  "early_detection": {
    "k=1": {
      "accuracy": 0.9210526315789473,
      "f1_macro": 0.9208333333333334
    },
    "k=2": {
      "accuracy": 0.8947368421052632,
      "f1_macro": 0.8940766550522647
    },
    "k=3": {
      "accuracy": 0.9605263157894737,
      "f1_macro": 0.9605194805194806
    },
    "k=5": {
      "accuracy": 0.6973684210526315,
      "f1_macro": 0.6668572517629121
    }
  },
  "per_attack_type": {
    "Academic Disguise": {
      "f1_macro": 1.0,
      "accuracy": 1.0,
      "n": 4
    },
    "Classic Crescendo": {
      "f1_macro": 1.0,
      "accuracy": 1.0,
      "n": 5
    },
    "DAN Variant": {
      "f1_macro": 1.0,
      "accuracy": 1.0,
      "n": 4
    },
    "Emotional Path": {
      "f1_macro": 1.0,
      "accuracy": 1.0,
      "n": 7
    },
    "Full Spectrum": {
      "f1_macro": 1.0,
      "accuracy": 1.0,
      "n": 5
    },
    "Obfuscation Path": {
      "f1_macro": 1.0,
      "accuracy": 1.0,
      "n": 4
    },
    "Role + Obfuscation": {
      "f1_macro": 1.0,
      "accuracy": 1.0,
      "n": 9
    },
    "unknown": {
      "f1_macro": 0.02564102564102564,
      "accuracy": 0.02631578947368421,
      "n": 38
    }
  }
}