{
  "overall": {
    "f1_macro": 0.7894736842105263,
    "f1_per_class": [
      0.7894736842105263,
      0.7894736842105263
    ],
    "accuracy": 0.7894736842105263,
    "fpr_at_95tpr": 0.7105263157894737,
    "confusion_matrix": [
      [
        30,
        8
      ],
      [
        8,
        30
      ]
    ]
  },
  "early_detection": {
    "k=1": {
      "accuracy": 0.6578947368421053,
      "f1_macro": 0.6491477272727273
    },
    "k=2": {
      "accuracy": 0.7631578947368421,
      "f1_macro": 0.7625
    },
    "k=3": {
      "accuracy": 0.8026315789473685,
      "f1_macro": 0.801773604590506
    },
    "k=5": {
      "accuracy": 0.7631578947368421,
      "f1_macro": 0.7616724738675958
    }
  },
  "per_attack_type": {
    "Academic Disguise": {
      "f1_macro": 1.0,
      "accuracy": 1.0,
      "n": 3
    },
    "Classic Crescendo": {
      "f1_macro": 1.0,
      "accuracy": 1.0,
      "n": 3
    },
    "DAN Variant": {
      "f1_macro": 1.0,
      "accuracy": 1.0,
      "n": 4
    },
    "Emotional Path": {
      "f1_macro": 1.0,
      "accuracy": 1.0,
      "n": 3
    },
    "Full Spectrum": {
      "f1_macro": 1.0,
      "accuracy": 1.0,
      "n": 2
    },
    "Mixed Emotional": {
      "f1_macro": 1.0,
      "accuracy": 1.0,
      "n": 2
    },
    "Obfuscation Path": {
      "f1_macro": 1.0,
      "accuracy": 1.0,
      "n": 2
    },
    "benign": {
      "f1_macro": 0.4411764705882353,
      "accuracy": 0.7894736842105263,
      "n": 38
    },
    "persuasion-based": {
      "f1_macro": 0.36666666666666664,
      "accuracy": 0.5789473684210527,
      "n": 19
    }
  }
}