{
  "encoder": "roberta-base",
  "variant": "9-class",
  "per_seed": {
    "seed123": {
      "stage1": {
        "best_epoch": 3,
        "val_persuasion_acc": 0.8490566037735849,
        "val_intent_acc": 1.0,
        "val_loss": 0.46177205318101006
      },
      "stage2": {
        "best_val_loss": 0.0,
        "best_val_acc": 1.0
      },
      "dd_ood": {
        "k1": 0.9714585181004596,
        "k2": 0.9260651629072681,
        "k3": 0.9530067702110713,
        "k5": 0.9808503732554366,
        "full": 0.9903618394184432
      },
      "iid": {
        "full": 1.0
      }
    },
    "seed456": {
      "stage1": {
        "best_epoch": 3,
        "val_persuasion_acc": 0.8421955403087479,
        "val_intent_acc": 1.0,
        "val_loss": 0.4250637091744985
      },
      "stage2": {
        "best_val_loss": 0.0,
        "best_val_acc": 1.0
      },
      "dd_ood": {
        "k1": 0.9903618394184432,
        "k2": 0.9349555083077408,
        "k3": 0.9349555083077408,
        "k5": 0.9808503732554366,
        "full": 0.9903618394184432
      },
      "iid": {
        "full": 1.0
      }
    }
  }
}