{
  "overall": {
    "f1_macro": 0.32432432432432434,
    "f1_per_class": [
      0.0,
      0.6486486486486487
    ],
    "accuracy": 0.48,
    "fpr_at_95tpr": NaN,
    "confusion_matrix": [
      [
        0,
        0
      ],
      [
        26,
        24
      ]
    ]
  },
  "early_detection": {
    "k=1": {
      "accuracy": 0.66,
      "f1_macro": 0.39759036144578314
    },
    "k=2": {
      "accuracy": 0.4,
      "f1_macro": 0.2857142857142857
    },
    "k=3": {
      "accuracy": 0.32,
      "f1_macro": 0.24242424242424243
    },
    "k=5": {
      "accuracy": 0.34,
      "f1_macro": 0.2537313432835821
    }
  },
  "per_attack_type": {
    "deceptive_delight": {
      "f1_macro": 0.32432432432432434,
      "accuracy": 0.48,
      "n": 50
    }
  }
}