{
  "overall": {
    "f1_macro": 0.9071066876200453,
    "f1_per_class": [
      0.8985507246376812,
      0.9156626506024096
    ],
    "accuracy": 0.9078947368421053,
    "fpr_at_95tpr": 0.02631578947368421,
    "confusion_matrix": [
      [
        31,
        7
      ],
      [
        0,
        38
      ]
    ]
  },
  "early_detection": {
    "k=1": {
      "accuracy": 0.7236842105263158,
      "f1_macro": 0.7052631578947368
    },
    "k=2": {
      "accuracy": 0.8947368421052632,
      "f1_macro": 0.8940766550522647
    },
    "k=3": {
      "accuracy": 0.9210526315789473,
      "f1_macro": 0.9205574912891986
    },
    "k=5": {
      "accuracy": 0.9210526315789473,
      "f1_macro": 0.9205574912891986
    }
  },
  "per_attack_type": {
    "Academic Disguise": {
      "f1_macro": 1.0,
      "accuracy": 1.0,
      "n": 4
    },
    "Classic Crescendo": {
      "f1_macro": 1.0,
      "accuracy": 1.0,
      "n": 5
    },
    "DAN Variant": {
      "f1_macro": 1.0,
      "accuracy": 1.0,
      "n": 4
    },
    "Emotional Path": {
      "f1_macro": 1.0,
      "accuracy": 1.0,
      "n": 7
    },
    "Full Spectrum": {
      "f1_macro": 1.0,
      "accuracy": 1.0,
      "n": 5
    },
    "Obfuscation Path": {
      "f1_macro": 1.0,
      "accuracy": 1.0,
      "n": 4
    },
    "Role + Obfuscation": {
      "f1_macro": 1.0,
      "accuracy": 1.0,
      "n": 9
    },
    "unknown": {
      "f1_macro": 0.4492753623188406,
      "accuracy": 0.8157894736842105,
      "n": 38
    }
  }
}