{
  "overall": {
    "f1_macro": 0.07407407407407407,
    "f1_per_class": [
      0.0,
      0.14814814814814814
    ],
    "accuracy": 0.08,
    "fpr_at_95tpr": NaN,
    "confusion_matrix": [
      [
        0,
        0
      ],
      [
        46,
        4
      ]
    ]
  },
  "early_detection": {
    "k=1": {
      "accuracy": 0.4,
      "f1_macro": 0.2857142857142857
    },
    "k=2": {
      "accuracy": 0.24,
      "f1_macro": 0.1935483870967742
    },
    "k=3": {
      "accuracy": 0.14,
      "f1_macro": 0.12280701754385964
    },
    "k=5": {
      "accuracy": 0.1,
      "f1_macro": 0.09090909090909091
    }
  },
  "per_attack_type": {
    "actorattack": {
      "f1_macro": 0.07407407407407407,
      "accuracy": 0.08,
      "n": 50
    }
  }
}