{
  "overall": {
    "f1_macro": 0.024390243902439025,
    "f1_per_class": [
      0.0,
      0.04878048780487805
    ],
    "accuracy": 0.025,
    "fpr_at_95tpr": NaN,
    "confusion_matrix": [
      [
        0,
        0
      ],
      [
        78,
        2
      ]
    ]
  },
  "early_detection": {
    "k=1": {
      "accuracy": 0.1,
      "f1_macro": 0.09090909090909091
    },
    "k=2": {
      "accuracy": 0.075,
      "f1_macro": 0.06976744186046512
    },
    "k=3": {
      "accuracy": 0.0125,
      "f1_macro": 0.012345679012345678
    },
    "k=5": {
      "accuracy": 0.0125,
      "f1_macro": 0.012345679012345678
    }
  },
  "per_attack_type": {
    "deceptive_delight": {
      "f1_macro": 0.024390243902439025,
      "accuracy": 0.025,
      "n": 80
    }
  }
}