{
  "overall": {
    "f1_macro": 0.14893617021276595,
    "f1_per_class": [
      0.0,
      0.2978723404255319
    ],
    "accuracy": 0.175,
    "fpr_at_95tpr": NaN,
    "confusion_matrix": [
      [
        0,
        0
      ],
      [
        66,
        14
      ]
    ]
  },
  "early_detection": {
    "k=1": {
      "accuracy": 0.15,
      "f1_macro": 0.13043478260869565
    },
    "k=2": {
      "accuracy": 0.2,
      "f1_macro": 0.16666666666666666
    },
    "k=3": {
      "accuracy": 0.1875,
      "f1_macro": 0.15789473684210525
    },
    "k=5": {
      "accuracy": 0.1875,
      "f1_macro": 0.15789473684210525
    }
  },
  "per_attack_type": {
    "actorattack": {
      "f1_macro": 0.14893617021276595,
      "accuracy": 0.175,
      "n": 80
    }
  }
}