{
  "overall": {
    "f1_macro": 0.35259497057249867,
    "f1_per_class": [
      0.2857142857142857,
      0.41947565543071164
    ],
    "accuracy": 0.359504132231405,
    "fpr_at_95tpr": 1.0,
    "confusion_matrix": [
      [
        31,
        7
      ],
      [
        148,
        56
      ]
    ]
  },
  "early_detection": {
    "k=1": {
      "accuracy": 0.2892561983471074,
      "f1_macro": 0.2671830985915493
    },
    "k=2": {
      "accuracy": 0.34297520661157027,
      "f1_macro": 0.3334026298009459
    },
    "k=3": {
      "accuracy": 0.3512396694214876,
      "f1_macro": 0.34306215959194264
    },
    "k=5": {
      "accuracy": 0.359504132231405,
      "f1_macro": 0.35259497057249867
    }
  },
  "per_attack_type": {
    "human_jailbreak": {
      "f1_macro": 0.2153846153846154,
      "accuracy": 0.27450980392156865,
      "n": 204
    },
    "unknown": {
      "f1_macro": 0.4492753623188406,
      "accuracy": 0.8157894736842105,
      "n": 38
    }
  }
}