{
  "overall": {
    "f1_macro": 0.34210526315789475,
    "f1_per_class": [
      0.0,
      0.6842105263157895
    ],
    "accuracy": 0.52,
    "fpr_at_95tpr": NaN,
    "confusion_matrix": [
      [
        0,
        0
      ],
      [
        24,
        26
      ]
    ]
  },
  "early_detection": {
    "k=1": {
      "accuracy": 0.46,
      "f1_macro": 0.3150684931506849
    },
    "k=2": {
      "accuracy": 0.4,
      "f1_macro": 0.2857142857142857
    },
    "k=3": {
      "accuracy": 0.34,
      "f1_macro": 0.2537313432835821
    },
    "k=5": {
      "accuracy": 0.42,
      "f1_macro": 0.29577464788732394
    }
  },
  "per_attack_type": {
    "deceptive_delight": {
      "f1_macro": 0.34210526315789475,
      "accuracy": 0.52,
      "n": 50
    }
  }
}