{
  "overall": {
    "f1_macro": 0.8540247948314998,
    "f1_per_class": [
      0.8405797101449275,
      0.8674698795180723
    ],
    "accuracy": 0.8552631578947368,
    "fpr_at_95tpr": 0.2631578947368421,
    "confusion_matrix": [
      [
        29,
        9
      ],
      [
        2,
        36
      ]
    ]
  },
  "early_detection": {
    "k=1": {
      "accuracy": 0.7368421052631579,
      "f1_macro": 0.735191637630662
    },
    "k=2": {
      "accuracy": 0.7631578947368421,
      "f1_macro": 0.7616724738675958
    },
    "k=3": {
      "accuracy": 0.8289473684210527,
      "f1_macro": 0.8282037906451052
    },
    "k=5": {
      "accuracy": 0.8552631578947368,
      "f1_macro": 0.8552380952380952
    }
  },
  "per_attack_type": {
    "Academic Disguise": {
      "f1_macro": 1.0,
      "accuracy": 1.0,
      "n": 3
    },
    "Classic Crescendo": {
      "f1_macro": 1.0,
      "accuracy": 1.0,
      "n": 3
    },
    "DAN Variant": {
      "f1_macro": 1.0,
      "accuracy": 1.0,
      "n": 4
    },
    "Emotional Path": {
      "f1_macro": 1.0,
      "accuracy": 1.0,
      "n": 3
    },
    "Full Spectrum": {
      "f1_macro": 1.0,
      "accuracy": 1.0,
      "n": 2
    },
    "Mixed Emotional": {
      "f1_macro": 1.0,
      "accuracy": 1.0,
      "n": 2
    },
    "Obfuscation Path": {
      "f1_macro": 1.0,
      "accuracy": 1.0,
      "n": 2
    },
    "benign": {
      "f1_macro": 0.43283582089552236,
      "accuracy": 0.7631578947368421,
      "n": 38
    },
    "persuasion-based": {
      "f1_macro": 0.4722222222222222,
      "accuracy": 0.8947368421052632,
      "n": 19
    }
  }
}