{
  "overall": {
    "f1_macro": 0.3342961281892579,
    "f1_per_class": [
      0.27927927927927926,
      0.3893129770992366
    ],
    "accuracy": 0.33884297520661155,
    "fpr_at_95tpr": 0.8157894736842105,
    "confusion_matrix": [
      [
        31,
        7
      ],
      [
        153,
        51
      ]
    ]
  },
  "early_detection": {
    "k=1": {
      "accuracy": 0.28512396694214875,
      "f1_macro": 0.27157894736842103
    },
    "k=2": {
      "accuracy": 0.33884297520661155,
      "f1_macro": 0.3342961281892579
    },
    "k=3": {
      "accuracy": 0.34297520661157027,
      "f1_macro": 0.33890005669810835
    },
    "k=5": {
      "accuracy": 0.34297520661157027,
      "f1_macro": 0.33890005669810835
    }
  },
  "per_attack_type": {
    "human_jailbreak": {
      "f1_macro": 0.2,
      "accuracy": 0.25,
      "n": 204
    },
    "unknown": {
      "f1_macro": 0.4492753623188406,
      "accuracy": 0.8157894736842105,
      "n": 38
    }
  }
}