{
  "experiment": "exp20_deepcontext_proxy",
  "encoder": "bert-base-uncased",
  "method": "frozen_probing_bigru",
  "seeds": [
    42,
    123,
    456
  ],
  "per_seed": {
    "42": {
      "IID": 1.0,
      "DD_OOD": 0.28451059138514845,
      "AA_OOD": 0.24358974358974358
    },
    "123": {
      "IID": 0.9868398268398269,
      "DD_OOD": 0.3104791585508376,
      "AA_OOD": 0.27114349065568577
    },
    "456": {
      "IID": 1.0,
      "DD_OOD": 0.3596269968661622,
      "AA_OOD": 0.3104791585508376
    }
  },
  "mean_std": {
    "IID": {
      "mean": 0.9956132756132755,
      "std": 0.006203765122098421
    },
    "DD_OOD": {
      "mean": 0.3182055822673827,
      "std": 0.031149016150142
    },
    "AA_OOD": {
      "mean": 0.27507079759875563,
      "std": 0.027448330408583684
    }
  }
}