{
  "frozen_mlm": {
    "seed42": {
      "iid_full": 1.0,
      "dd_ood_full": 1.0,
      "dd_ood_k1": 0.9902277432712215,
      "dd_ood_k2": 1.0,
      "dd_ood_k3": 0.9902277432712215,
      "dd_ood_k5": 1.0,
      "aa_ood_full": 0.9808503732554366,
      "fitd_ood_full": 1.0
    },
    "seed123": {
      "iid_full": 0.9605194805194806,
      "dd_ood_full": 0.9803136469803136,
      "dd_ood_k1": 0.9390705679862306,
      "dd_ood_k2": 0.9496372172428511,
      "dd_ood_k3": 0.9803136469803136,
      "dd_ood_k5": 0.9902277432712215,
      "aa_ood_full": 0.951809197092216,
      "fitd_ood_full": 0.9803136469803136
    },
    "seed456": {
      "iid_full": 0.9868398268398269,
      "dd_ood_full": 1.0,
      "dd_ood_k1": 0.9283172784865052,
      "dd_ood_k2": 0.9803136469803136,
      "dd_ood_k3": 0.9902277432712215,
      "dd_ood_k5": 1.0,
      "aa_ood_full": 0.8912776412776413,
      "fitd_ood_full": 0.9808503732554366
    },
    "mean": {
      "iid_full": 0.9824531024531025,
      "dd_ood_k1": 0.9525385299146524,
      "dd_ood_k2": 0.9766502880743883,
      "dd_ood_k3": 0.9869230445075856,
      "dd_ood_k5": 0.9967425810904071,
      "dd_ood_full": 0.9934378823267712,
      "aa_ood_full": 0.9413124038750981,
      "fitd_ood_full": 0.9870546734119167
    },
    "std": {
      "iid_full": 0.016413619705328678,
      "dd_ood_k1": 0.02700945404044005,
      "dd_ood_k2": 0.020723056734245886,
      "dd_ood_k3": 0.004673549811091579,
      "dd_ood_k5": 0.004606686000276745,
      "dd_ood_full": 0.009280235811368324,
      "aa_ood_full": 0.03731358625999996,
      "fitd_ood_full": 0.00915635040569125
    }
  },
  "exp26_frozen_9class_reference": {
    "comment": "Reference from exp26 frozen 9-class probing",
    "mean": {
      "IID": 1.0,
      "DD_OOD": 0.997,
      "AA_OOD": 0.972,
      "FITD_OOD": 1.0
    }
  }
}