{
  "f1_values": {
    "9-class": {
      "DD": [
        1.0,
        1.0,
        0.990362,
        1.0,
        1.0
      ],
      "AA": [
        0.990362,
        0.934956,
        0.990362,
        0.9715,
        0.9715
      ],
      "FITD": [
        1.0,
        1.0,
        1.0,
        1.0,
        0.9904
      ]
    },
    "Scrambled": {
      "DD": [
        0.9904,
        1.0,
        1.0,
        1.0,
        1.0
      ],
      "AA": [
        0.891278,
        0.990362,
        0.971459,
        0.9904,
        0.9904
      ],
      "FITD": [
        1.0,
        1.0,
        1.0,
        1.0,
        0.9904
      ]
    }
  },
  "seeds": [
    42,
    123,
    456,
    789,
    1000
  ],
  "tost_results": {
    "DD": {
      "mean_diff": -7.5999999999964984e-06,
      "se": 0.003041798441711759,
      "p_tost": 4.0122092573868784e-05,
      "p_upper": 4.007392651601636e-05,
      "p_lower": 4.0122092573868784e-05,
      "t_upper": -16.440142553251636,
      "t_lower": 16.435145509466103,
      "n": 5,
      "margin": 0.05,
      "equivalent": "True",
      "cohens_d": -0.0011173729590989736,
      "9class_values": [
        1.0,
        1.0,
        0.990362,
        1.0,
        1.0
      ],
      "scrambled_values": [
        0.9904,
        1.0,
        1.0,
        1.0,
        1.0
      ]
    },
    "AA": {
      "mean_diff": 0.004956200000000033,
      "se": 0.026302459684219626,
      "p_tost": 0.08097991876223458,
      "p_upper": 0.08097991876223458,
      "p_lower": 0.05245127477294198,
      "t_upper": -1.7125318521835569,
      "t_lower": 2.0893939448929735,
      "n": 5,
      "margin": 0.05,
      "equivalent": "False",
      "cohens_d": 0.08426892574410831,
      "9class_values": [
        0.990362,
        0.934956,
        0.990362,
        0.9715,
        0.9715
      ],
      "scrambled_values": [
        0.891278,
        0.990362,
        0.971459,
        0.9904,
        0.9904
      ]
    },
    "FITD": {
      "mean_diff": 0.0,
      "se": 0.0,
      "p_tost": 0.0,
      "p_upper": 0.0,
      "p_lower": 0.0,
      "t_upper": -Infinity,
      "t_lower": Infinity,
      "n": 5,
      "margin": 0.05,
      "equivalent": true,
      "note": "SE=0, differences identical, trivially equivalent",
      "cohens_d": 0.0,
      "9class_values": [
        1.0,
        1.0,
        1.0,
        1.0,
        0.9904
      ],
      "scrambled_values": [
        1.0,
        1.0,
        1.0,
        1.0,
        0.9904
      ]
    }
  },
  "margin": 0.05,
  "test": "paired TOST (two one-sided t-tests)",
  "note": "9-class minus Scrambled"
}