{
  "seeds": [
    42,
    123,
    456,
    789,
    1000,
    2024,
    2025,
    2026,
    314,
    628
  ],
  "n": 10,
  "margin": 0.05,
  "test": "paired TOST (two one-sided t-tests)",
  "note": "9-class minus Scrambled",
  "new_seed_results": {
    "9class_seed2024": {
      "iid": 1.0,
      "dd_ood": 1.0,
      "aa_ood": 1.0,
      "fitd_ood": 1.0
    },
    "scrambled_seed2024": {
      "iid": 1.0,
      "dd_ood": 0.9904,
      "aa_ood": 0.9809,
      "fitd_ood": 1.0
    },
    "9class_seed2025": {
      "iid": 1.0,
      "dd_ood": 1.0,
      "aa_ood": 0.9809,
      "fitd_ood": 0.9904
    },
    "scrambled_seed2025": {
      "iid": 1.0,
      "dd_ood": 1.0,
      "aa_ood": 1.0,
      "fitd_ood": 0.9904
    },
    "9class_seed2026": {
      "iid": 1.0,
      "dd_ood": 1.0,
      "aa_ood": 1.0,
      "fitd_ood": 1.0
    },
    "scrambled_seed2026": {
      "iid": 1.0,
      "dd_ood": 1.0,
      "aa_ood": 0.9904,
      "fitd_ood": 1.0
    },
    "9class_seed314": {
      "iid": 1.0,
      "dd_ood": 0.9904,
      "aa_ood": 0.9809,
      "fitd_ood": 1.0
    },
    "scrambled_seed314": {
      "iid": 1.0,
      "dd_ood": 1.0,
      "aa_ood": 0.8326,
      "fitd_ood": 1.0
    },
    "9class_seed628": {
      "iid": 1.0,
      "dd_ood": 0.9904,
      "aa_ood": 0.9715,
      "fitd_ood": 1.0
    },
    "scrambled_seed628": {
      "iid": 1.0,
      "dd_ood": 1.0,
      "aa_ood": 0.8575,
      "fitd_ood": 1.0
    }
  },
  "tost_results": {
    "DD": {
      "mean_diff": -0.0009638000000000036,
      "se": 0.0022416312007107796,
      "t_upper": -22.735140367354063,
      "t_lower": 21.875230851734905,
      "p_upper": 1.4618052299095199e-09,
      "p_lower": 2.0566389702381116e-09,
      "p_tost": 2.0566389702381116e-09,
      "equivalent": true,
      "cohens_d": -0.13596363255043442,
      "n": 10,
      "margin": 0.05,
      "9class_values": [
        1.0,
        1.0,
        0.990362,
        1.0,
        1.0,
        1.0,
        1.0,
        1.0,
        0.9904,
        0.9904
      ],
      "scrambled_values": [
        0.9904,
        1.0,
        1.0,
        1.0,
        1.0,
        0.9904,
        1.0,
        1.0,
        1.0,
        1.0
      ]
    },
    "AA": {
      "mean_diff": 0.02966810000000002,
      "se": 0.021335394620442334,
      "t_upper": -0.9529657342507806,
      "t_lower": 3.7340813899765735,
      "p_upper": 0.18274934125517142,
      "p_lower": 0.0023339752151625426,
      "p_tost": 0.18274934125517142,
      "equivalent": false,
      "cohens_d": 0.4397329954223104,
      "n": 10,
      "margin": 0.05,
      "9class_values": [
        0.990362,
        0.934956,
        0.990362,
        0.9715,
        0.9715,
        1.0,
        0.9809,
        1.0,
        0.9809,
        0.9715
      ],
      "scrambled_values": [
        0.891278,
        0.990362,
        0.971459,
        0.9904,
        0.9904,
        0.9809,
        1.0,
        0.9904,
        0.8326,
        0.8575
      ]
    },
    "FITD": {
      "mean_diff": 0.0,
      "se": 0.0,
      "p_tost": 0.0,
      "equivalent": true,
      "note": "SE=0, trivially equivalent",
      "cohens_d": 0.0,
      "n": 10,
      "margin": 0.05,
      "9class_values": [
        1.0,
        1.0,
        1.0,
        1.0,
        0.9904,
        1.0,
        0.9904,
        1.0,
        1.0,
        1.0
      ],
      "scrambled_values": [
        1.0,
        1.0,
        1.0,
        1.0,
        0.9904,
        1.0,
        0.9904,
        1.0,
        1.0,
        1.0
      ]
    }
  },
  "f1_values": {
    "9-class": {
      "DD": [
        1.0,
        1.0,
        0.990362,
        1.0,
        1.0,
        1.0,
        1.0,
        1.0,
        0.9904,
        0.9904
      ],
      "AA": [
        0.990362,
        0.934956,
        0.990362,
        0.9715,
        0.9715,
        1.0,
        0.9809,
        1.0,
        0.9809,
        0.9715
      ],
      "FITD": [
        1.0,
        1.0,
        1.0,
        1.0,
        0.9904,
        1.0,
        0.9904,
        1.0,
        1.0,
        1.0
      ]
    },
    "Scrambled": {
      "DD": [
        0.9904,
        1.0,
        1.0,
        1.0,
        1.0,
        0.9904,
        1.0,
        1.0,
        1.0,
        1.0
      ],
      "AA": [
        0.891278,
        0.990362,
        0.971459,
        0.9904,
        0.9904,
        0.9809,
        1.0,
        0.9904,
        0.8326,
        0.8575
      ],
      "FITD": [
        1.0,
        1.0,
        1.0,
        1.0,
        0.9904,
        1.0,
        0.9904,
        1.0,
        1.0,
        1.0
      ]
    }
  }
}