{
  "experiment": "exp59_resample_350",
  "seed": 123,
  "data_dir": "data/exp59_resample/seed123",
  "results": {
    "dd_ood": {
      "f1_macro": 0.9483849483849484,
      "precision": 0.9500333667000334,
      "recall": 0.9495833333333333,
      "n": 155,
      "n_jailbreak": 80,
      "n_benign": 75
    },
    "aa_ood": {
      "f1_macro": 0.9160031681187211,
      "precision": 0.9229861813279407,
      "recall": 0.9183333333333333,
      "n": 155,
      "n_jailbreak": 80,
      "n_benign": 75
    },
    "iid": {
      "f1_macro": 0.9933330370238678,
      "precision": 0.993421052631579,
      "recall": 0.9933333333333334,
      "n": 150,
      "n_jailbreak": 75,
      "n_benign": 75
    }
  }
}