{
  "curve": [
    {
      "n": 0,
      "fpr": 0.575,
      "iid_f1": null,
      "dd_f1": null,
      "aa_f1": null,
      "fitd_f1": null
    },
    {
      "n": 10,
      "fpr": 0.205,
      "iid_f1": 1.0,
      "dd_f1": 1.0,
      "aa_f1": 1.0,
      "fitd_f1": 1.0
    },
    {
      "n": 25,
      "fpr": 0.015,
      "iid_f1": 1.0,
      "dd_f1": 1.0,
      "aa_f1": 0.9530067702110713,
      "fitd_f1": 1.0
    },
    {
      "n": 50,
      "fpr": 0.005,
      "iid_f1": 1.0,
      "dd_f1": 1.0,
      "aa_f1": 0.9903618394184432,
      "fitd_f1": 1.0
    }
  ],
  "eval_n": 200,
  "source": "oasst2"
}