{
  "9class_dapt": {
    "seed42": {
      "iid_full": {
        "f1_macro": 1.0,
        "f1_jailbreak": 1.0,
        "precision": 1.0,
        "recall": 1.0,
        "accuracy": 1.0,
        "n": 76,
        "n_pos": 38
      },
      "iid_last_turn": {
        "f1_macro": 0.9868398268398269,
        "f1_jailbreak": 0.9866666666666667,
        "precision": 1.0,
        "recall": 0.9736842105263158,
        "accuracy": 0.9868421052631579,
        "n": 76,
        "n_pos": 38
      },
      "dd_ood_full": {
        "f1_macro": 1.0,
        "f1_jailbreak": 1.0,
        "precision": 1.0,
        "recall": 1.0,
        "accuracy": 1.0,
        "n": 118,
        "n_pos": 80
      },
      "dd_ood_last_turn": {
        "f1_macro": 0.9530067702110713,
        "f1_jailbreak": 0.967741935483871,
        "precision": 1.0,
        "recall": 0.9375,
        "accuracy": 0.9576271186440678,
        "n": 118,
        "n_pos": 80
      },
      "aa_ood_full": {
        "f1_macro": 0.9903618394184432,
        "f1_jailbreak": 0.9937106918238994,
        "precision": 1.0,
        "recall": 0.9875,
        "accuracy": 0.9915254237288136,
        "n": 118,
        "n_pos": 80
      },
      "aa_ood_last_turn": {
        "f1_macro": 0.9903618394184432,
        "f1_jailbreak": 0.9937106918238994,
        "precision": 1.0,
        "recall": 0.9875,
        "accuracy": 0.9915254237288136,
        "n": 118,
        "n_pos": 80
      },
      "fitd_ood_full": {
        "f1_macro": 1.0,
        "f1_jailbreak": 1.0,
        "precision": 1.0,
        "recall": 1.0,
        "accuracy": 1.0,
        "n": 118,
        "n_pos": 80
      },
      "fitd_ood_last_turn": {
        "f1_macro": 1.0,
        "f1_jailbreak": 1.0,
        "precision": 1.0,
        "recall": 1.0,
        "accuracy": 1.0,
        "n": 118,
        "n_pos": 80
      }
    },
    "seed123": {
      "iid_full": {
        "f1_macro": 1.0,
        "f1_jailbreak": 1.0,
        "precision": 1.0,
        "recall": 1.0,
        "accuracy": 1.0,
        "n": 76,
        "n_pos": 38
      },
      "iid_last_turn": {
        "f1_macro": 1.0,
        "f1_jailbreak": 1.0,
        "precision": 1.0,
        "recall": 1.0,
        "accuracy": 1.0,
        "n": 76,
        "n_pos": 38
      },
      "dd_ood_full": {
        "f1_macro": 1.0,
        "f1_jailbreak": 1.0,
        "precision": 1.0,
        "recall": 1.0,
        "accuracy": 1.0,
        "n": 118,
        "n_pos": 80
      },
      "dd_ood_last_turn": {
        "f1_macro": 0.9808503732554366,
        "f1_jailbreak": 0.9873417721518988,
        "precision": 1.0,
        "recall": 0.975,
        "accuracy": 0.9830508474576272,
        "n": 118,
        "n_pos": 80
      },
      "aa_ood_full": {
        "f1_macro": 0.9349555083077408,
        "f1_jailbreak": 0.954248366013072,
        "precision": 1.0,
        "recall": 0.9125,
        "accuracy": 0.940677966101695,
        "n": 118,
        "n_pos": 80
      },
      "aa_ood_last_turn": {
        "f1_macro": 0.9621794871794871,
        "f1_jailbreak": 0.9743589743589743,
        "precision": 1.0,
        "recall": 0.95,
        "accuracy": 0.9661016949152542,
        "n": 118,
        "n_pos": 80
      },
      "fitd_ood_full": {
        "f1_macro": 1.0,
        "f1_jailbreak": 1.0,
        "precision": 1.0,
        "recall": 1.0,
        "accuracy": 1.0,
        "n": 118,
        "n_pos": 80
      },
      "fitd_ood_last_turn": {
        "f1_macro": 1.0,
        "f1_jailbreak": 1.0,
        "precision": 1.0,
        "recall": 1.0,
        "accuracy": 1.0,
        "n": 118,
        "n_pos": 80
      }
    },
    "seed456": {
      "iid_full": {
        "f1_macro": 1.0,
        "f1_jailbreak": 1.0,
        "precision": 1.0,
        "recall": 1.0,
        "accuracy": 1.0,
        "n": 76,
        "n_pos": 38
      },
      "iid_last_turn": {
        "f1_macro": 0.9868398268398269,
        "f1_jailbreak": 0.9866666666666667,
        "precision": 1.0,
        "recall": 0.9736842105263158,
        "accuracy": 0.9868421052631579,
        "n": 76,
        "n_pos": 38
      },
      "dd_ood_full": {
        "f1_macro": 0.9903618394184432,
        "f1_jailbreak": 0.9937106918238994,
        "precision": 1.0,
        "recall": 0.9875,
        "accuracy": 0.9915254237288136,
        "n": 118,
        "n_pos": 80
      },
      "dd_ood_last_turn": {
        "f1_macro": 0.8912776412776413,
        "f1_jailbreak": 0.918918918918919,
        "precision": 1.0,
        "recall": 0.85,
        "accuracy": 0.8983050847457628,
        "n": 118,
        "n_pos": 80
      },
      "aa_ood_full": {
        "f1_macro": 0.9903618394184432,
        "f1_jailbreak": 0.9937106918238994,
        "precision": 1.0,
        "recall": 0.9875,
        "accuracy": 0.9915254237288136,
        "n": 118,
        "n_pos": 80
      },
      "aa_ood_last_turn": {
        "f1_macro": 0.9808503732554366,
        "f1_jailbreak": 0.9873417721518988,
        "precision": 1.0,
        "recall": 0.975,
        "accuracy": 0.9830508474576272,
        "n": 118,
        "n_pos": 80
      },
      "fitd_ood_full": {
        "f1_macro": 1.0,
        "f1_jailbreak": 1.0,
        "precision": 1.0,
        "recall": 1.0,
        "accuracy": 1.0,
        "n": 118,
        "n_pos": 80
      },
      "fitd_ood_last_turn": {
        "f1_macro": 1.0,
        "f1_jailbreak": 1.0,
        "precision": 1.0,
        "recall": 1.0,
        "accuracy": 1.0,
        "n": 118,
        "n_pos": 80
      }
    },
    "mean_f1": {
      "iid_full": 1.0,
      "iid_last_turn": 0.9912265512265512,
      "dd_ood_full": 0.9967872798061478,
      "dd_ood_last_turn": 0.9417115949147163,
      "aa_ood_full": 0.9718930623815424,
      "aa_ood_last_turn": 0.9777972332844556,
      "fitd_ood_full": 1.0,
      "fitd_ood_last_turn": 1.0
    },
    "std_f1": {
      "iid_full": 0.0,
      "iid_last_turn": 0.006203765122098421,
      "dd_ood_full": 0.0045434724702557725,
      "dd_ood_last_turn": 0.03742997299155696,
      "aa_ood_full": 0.02611879496602993,
      "aa_ood_last_turn": 0.01170619471880737,
      "fitd_ood_full": 0.0,
      "fitd_ood_last_turn": 0.0
    }
  },
  "mlm_dapt": {
    "seed42": {
      "iid_full": {
        "f1_macro": 1.0,
        "f1_jailbreak": 1.0,
        "precision": 1.0,
        "recall": 1.0,
        "accuracy": 1.0,
        "n": 76,
        "n_pos": 38
      },
      "iid_last_turn": {
        "f1_macro": 0.9074943488089028,
        "f1_jailbreak": 0.9135802469135802,
        "precision": 0.8604651162790697,
        "recall": 0.9736842105263158,
        "accuracy": 0.9078947368421053,
        "n": 76,
        "n_pos": 38
      },
      "dd_ood_full": {
        "f1_macro": 1.0,
        "f1_jailbreak": 1.0,
        "precision": 1.0,
        "recall": 1.0,
        "accuracy": 1.0,
        "n": 118,
        "n_pos": 80
      },
      "dd_ood_last_turn": {
        "f1_macro": 0.9294921041399915,
        "f1_jailbreak": 0.9575757575757575,
        "precision": 0.9294117647058824,
        "recall": 0.9875,
        "accuracy": 0.940677966101695,
        "n": 118,
        "n_pos": 80
      },
      "aa_ood_full": {
        "f1_macro": 0.9808503732554366,
        "f1_jailbreak": 0.9873417721518988,
        "precision": 1.0,
        "recall": 0.975,
        "accuracy": 0.9830508474576272,
        "n": 118,
        "n_pos": 80
      },
      "aa_ood_last_turn": {
        "f1_macro": 0.9390705679862306,
        "f1_jailbreak": 0.963855421686747,
        "precision": 0.9302325581395349,
        "recall": 1.0,
        "accuracy": 0.9491525423728814,
        "n": 118,
        "n_pos": 80
      },
      "fitd_ood_full": {
        "f1_macro": 1.0,
        "f1_jailbreak": 1.0,
        "precision": 1.0,
        "recall": 1.0,
        "accuracy": 1.0,
        "n": 118,
        "n_pos": 80
      },
      "fitd_ood_last_turn": {
        "f1_macro": 0.9390705679862306,
        "f1_jailbreak": 0.963855421686747,
        "precision": 0.9302325581395349,
        "recall": 1.0,