{
  "experiment": "exp59_resample_350",
  "seed": 42,
  "data_dir": "data/exp59_resample/seed42",
  "results": {
    "dd_ood": {
      "f1_macro": 0.7654054054054054,
      "precision": 0.8409090909090908,
      "recall": 0.78125,
      "n": 155,
      "n_jailbreak": 80,
      "n_benign": 75
    },
    "aa_ood": {
      "f1_macro": 0.7580645161290323,
      "precision": 0.8378378378378378,
      "recall": 0.775,
      "n": 155,
      "n_jailbreak": 80,
      "n_benign": 75
    },
    "iid": {
      "f1_macro": 1.0,
      "precision": 1.0,
      "recall": 1.0,
      "n": 150,
      "n_jailbreak": 75,
      "n_benign": 75
    }
  }
}