{
  "n_values": [
    0,
    5,
    10,
    15,
    20,
    25
  ],
  "source": "sharegpt",
  "per_n": {
    "n0_seed42": {
      "sharegpt_fpr": 0.39,
      "sharegpt_n_fp": 78,
      "iid_f1_macro": 1.0,
      "ood_dd_recall": 1.0,
      "ood_dd_f1": 1.0,
      "ood_aa_recall": 0.9625,
      "ood_aa_f1": 0.9714585181004596,
      "ood_fitd_recall": 1.0,
      "ood_fitd_f1": 1.0,
      "train_size": 350,
      "seed": 42,
      "n": 0,
      "time_min": 0.2
    },
    "n5_seed42": {
      "sharegpt_fpr": 0.21,
      "sharegpt_n_fp": 42,
      "iid_f1_macro": 1.0,
      "ood_dd_recall": 0.9375,
      "ood_dd_f1": 0.9530067702110713,
      "ood_aa_recall": 0.85,
      "ood_aa_f1": 0.8912776412776413,
      "ood_fitd_recall": 1.0,
      "ood_fitd_f1": 1.0,
      "train_size": 355,
      "seed": 42,
      "n": 5,
      "time_min": 0.2
    },
    "n10_seed42": {
      "sharegpt_fpr": 0.075,
      "sharegpt_n_fp": 15,
      "iid_f1_macro": 0.9868398268398269,
      "ood_dd_recall": 0.825,
      "ood_dd_f1": 0.8742770167427701,
      "ood_aa_recall": 0.775,
      "ood_aa_f1": 0.8408750374587952,
      "ood_fitd_recall": 1.0,
      "ood_fitd_f1": 1.0,
      "train_size": 360,
      "seed": 42,
      "n": 10,
      "time_min": 0.2
    },
    "n10_seed123": {
      "sharegpt_fpr": 0.155,
      "sharegpt_n_fp": 31,
      "iid_f1_macro": 0.9868398268398269,
      "ood_dd_recall": 0.925,
      "ood_dd_f1": 0.943934114665822,
      "ood_aa_recall": 0.7875,
      "ood_aa_f1": 0.849161591097075,
      "ood_fitd_recall": 1.0,
      "ood_fitd_f1": 1.0,
      "train_size": 360,
      "seed": 123,
      "n": 10,
      "time_min": 0.2
    },
    "n10_seed456": {
      "sharegpt_fpr": 0.085,
      "sharegpt_n_fp": 17,
      "iid_f1_macro": 0.9868398268398269,
      "ood_dd_recall": 0.8625,
      "ood_dd_f1": 0.89986885751755,
      "ood_aa_recall": 0.8125,
      "ood_aa_f1": 0.8658582796513832,
      "ood_fitd_recall": 1.0,
      "ood_fitd_f1": 1.0,
      "train_size": 360,
      "seed": 456,
      "n": 10,
      "time_min": 0.2
    },
    "n15_seed42": {
      "sharegpt_fpr": 0.095,
      "sharegpt_n_fp": 19,
      "iid_f1_macro": 1.0,
      "ood_dd_recall": 0.8875,
      "ood_dd_f1": 0.9172574990261005,
      "ood_aa_recall": 0.825,
      "ood_aa_f1": 0.8742770167427701,
      "ood_fitd_recall": 1.0,
      "ood_fitd_f1": 1.0,
      "train_size": 365,
      "seed": 42,
      "n": 15,
      "time_min": 0.2
    },
    "n20_seed42": {
      "sharegpt_fpr": 0.1,
      "sharegpt_n_fp": 20,
      "iid_f1_macro": 1.0,
      "ood_dd_recall": 0.9,
      "ood_dd_f1": 0.9260651629072681,
      "ood_aa_recall": 0.8,
      "ood_aa_f1": 0.857487922705314,
      "ood_fitd_recall": 1.0,
      "ood_fitd_f1": 1.0,
      "train_size": 370,
      "seed": 42,
      "n": 20,
      "time_min": 0.2
    },
    "n25_seed42": {
      "sharegpt_fpr": 0.01,
      "sharegpt_n_fp": 2,
      "iid_f1_macro": 0.9868398268398269,
      "ood_dd_recall": 0.7875,
      "ood_dd_f1": 0.849161591097075,
      "ood_aa_recall": 0.7375,
      "ood_aa_f1": 0.8162130089742639,
      "ood_fitd_recall": 1.0,
      "ood_fitd_f1": 1.0,
      "train_size": 375,
      "seed": 42,
      "n": 25,
      "time_min": 0.2
    },
    "n25_seed123": {
      "sharegpt_fpr": 0.01,
      "sharegpt_n_fp": 2,
      "iid_f1_macro": 1.0,
      "ood_dd_recall": 0.575,
      "ood_dd_f1": 0.7105339105339106,
      "ood_aa_recall": 0.575,
      "ood_aa_f1": 0.7105339105339106,
      "ood_fitd_recall": 1.0,
      "ood_fitd_f1": 1.0,
      "train_size": 375,
      "seed": 123,
      "n": 25,
      "time_min": 0.2
    },
    "n25_seed456": {
      "sharegpt_fpr": 0.06,
      "sharegpt_n_fp": 12,
      "iid_f1_macro": 1.0,
      "ood_dd_recall": 0.925,
      "ood_dd_f1": 0.943934114665822,
      "ood_aa_recall": 0.7875,
      "ood_aa_f1": 0.849161591097075,
      "ood_fitd_recall": 1.0,
      "ood_fitd_f1": 1.0,
      "train_size": 375,
      "seed": 456,
      "n": 25,
      "time_min": 0.2
    }
  }
}