{
  "experiment": "exp71_mixed_llm_disentangle",
  "description": "350+350 mixed (175 jb + 175 bn per LLM), 9-class DAPT pipeline",
  "per_seed": {
    "seed42": {
      "iid": {
        "f1_macro": 1.0,
        "precision": 1.0,
        "recall": 1.0,
        "n": 76,
        "n_jailbreak": 38,
        "n_benign": 38
      },
      "dd_ood": {
        "f1_macro": 0.9530067702110713,
        "precision": 0.9418604651162791,
        "recall": 0.96875,
        "n": 118,
        "n_jailbreak": 80,
        "n_benign": 38
      },
      "aa_ood": {
        "f1_macro": 0.7187025933684895,
        "precision": 0.7676056338028169,
        "recall": 0.79375,
        "n": 118,
        "n_jailbreak": 80,
        "n_benign": 38
      },
      "fitd_ood": {
        "f1_macro": 1.0,
        "precision": 1.0,
        "recall": 1.0,
        "n": 118,
        "n_jailbreak": 80,
        "n_benign": 38
      }
    },
    "seed123": {
      "iid": {
        "f1_macro": 1.0,
        "precision": 1.0,
        "recall": 1.0,
        "n": 76,
        "n_jailbreak": 38,
        "n_benign": 38
      },
      "dd_ood": {
        "f1_macro": 0.943934114665822,
        "precision": 0.9318181818181819,
        "recall": 0.9625,
        "n": 118,
        "n_jailbreak": 80,
        "n_benign": 38
      },
      "aa_ood": {
        "f1_macro": 0.8080449571132801,
        "precision": 0.8166666666666667,
        "recall": 0.8625,
        "n": 118,
        "n_jailbreak": 80,
        "n_benign": 38
      },
      "fitd_ood": {
        "f1_macro": 1.0,
        "precision": 1.0,
        "recall": 1.0,
        "n": 118,
        "n_jailbreak": 80,
        "n_benign": 38
      }
    },
    "seed456": {
      "iid": {
        "f1_macro": 1.0,
        "precision": 1.0,
        "recall": 1.0,
        "n": 76,
        "n_jailbreak": 38,
        "n_benign": 38
      },
      "dd_ood": {
        "f1_macro": 0.9349555083077408,
        "precision": 0.9222222222222223,
        "recall": 0.95625,
        "n": 118,
        "n_jailbreak": 80,
        "n_benign": 38
      },
      "aa_ood": {
        "f1_macro": 0.6009784876609828,
        "precision": 0.7235294117647059,
        "recall": 0.70625,
        "n": 118,
        "n_jailbreak": 80,
        "n_benign": 38
      },
      "fitd_ood": {
        "f1_macro": 1.0,
        "precision": 1.0,
        "recall": 1.0,
        "n": 118,
        "n_jailbreak": 80,
        "n_benign": 38
      }
    }
  },
  "summary": {
    "iid": {
      "mean": 1.0,
      "std": 0.0,
      "values": [
        1.0,
        1.0,
        1.0
      ]
    },
    "dd_ood": {
      "mean": 0.943965464394878,
      "std": 0.007369430153446589,
      "values": [
        0.9530067702110713,
        0.943934114665822,
        0.9349555083077408
      ]
    },
    "aa_ood": {
      "mean": 0.7092420127142508,
      "std": 0.08479881144055539,
      "values": [
        0.7187025933684895,
        0.8080449571132801,
        0.6009784876609828
      ]
    },
    "fitd_ood": {
      "mean": 1.0,
      "std": 0.0,
      "values": [
        1.0,
        1.0,
        1.0
      ]
    }
  }
}