{
  "metadata": {
    "test_data": "data/mhj/toxicchat_eval.jsonl",
    "n_test": 408,
    "n_jailbreak": 204,
    "n_benign": 204,
    "data_source": "ToxicChat (LMSYS) - human-written jailbreak attempts",
    "note": "Single-turn data: K=1 through K=full yield identical results"
  },
  "jb_mlm": {
    "per_seed": {
      "42": {
        "1": {
          "f1": 0.8329519450800915,
          "precision": 0.7811158798283262,
          "recall": 0.8921568627450981,
          "accuracy": 0.821078431372549,
          "fpr_at_95tpr": 0.37745098039215685
        },
        "2": {
          "f1": 0.8329519450800915,
          "precision": 0.7811158798283262,
          "recall": 0.8921568627450981,
          "accuracy": 0.821078431372549,
          "fpr_at_95tpr": 0.37745098039215685
        },
        "3": {
          "f1": 0.8329519450800915,
          "precision": 0.7811158798283262,
          "recall": 0.8921568627450981,
          "accuracy": 0.821078431372549,
          "fpr_at_95tpr": 0.37745098039215685
        },
        "5": {
          "f1": 0.8329519450800915,
          "precision": 0.7811158798283262,
          "recall": 0.8921568627450981,
          "accuracy": 0.821078431372549,
          "fpr_at_95tpr": 0.37745098039215685
        },
        "full": {
          "f1": 0.8329519450800915,
          "precision": 0.7811158798283262,
          "recall": 0.8921568627450981,
          "accuracy": 0.821078431372549,
          "fpr_at_95tpr": 0.37745098039215685
        }
      },
      "123": {
        "1": {
          "f1": 0.8379052369077307,
          "precision": 0.8527918781725888,
          "recall": 0.8235294117647058,
          "accuracy": 0.8406862745098039,
          "fpr_at_95tpr": 0.46078431372549017
        },
        "2": {
          "f1": 0.8379052369077307,
          "precision": 0.8527918781725888,
          "recall": 0.8235294117647058,
          "accuracy": 0.8406862745098039,
          "fpr_at_95tpr": 0.46078431372549017
        },
        "3": {
          "f1": 0.8379052369077307,
          "precision": 0.8527918781725888,
          "recall": 0.8235294117647058,
          "accuracy": 0.8406862745098039,
          "fpr_at_95tpr": 0.46078431372549017
        },
        "5": {
          "f1": 0.8379052369077307,
          "precision": 0.8527918781725888,
          "recall": 0.8235294117647058,
          "accuracy": 0.8406862745098039,
          "fpr_at_95tpr": 0.46078431372549017
        },
        "full": {
          "f1": 0.8379052369077307,
          "precision": 0.8527918781725888,
          "recall": 0.8235294117647058,
          "accuracy": 0.8406862745098039,
          "fpr_at_95tpr": 0.46078431372549017
        }
      },
      "456": {
        "1": {
          "f1": 0.8544152744630071,
          "precision": 0.8325581395348837,
          "recall": 0.8774509803921569,
          "accuracy": 0.8504901960784313,
          "fpr_at_95tpr": 0.39705882352941174
        },
        "2": {
          "f1": 0.8544152744630071,
          "precision": 0.8325581395348837,
          "recall": 0.8774509803921569,
          "accuracy": 0.8504901960784313,
          "fpr_at_95tpr": 0.39705882352941174
        },
        "3": {
          "f1": 0.8544152744630071,
          "precision": 0.8325581395348837,
          "recall": 0.8774509803921569,
          "accuracy": 0.8504901960784313,
          "fpr_at_95tpr": 0.39705882352941174
        },
        "5": {
          "f1": 0.8544152744630071,
          "precision": 0.8325581395348837,
          "recall": 0.8774509803921569,
          "accuracy": 0.8504901960784313,
          "fpr_at_95tpr": 0.39705882352941174
        },
        "full": {
          "f1": 0.8544152744630071,
          "precision": 0.8325581395348837,
          "recall": 0.8774509803921569,
          "accuracy": 0.8504901960784313,
          "fpr_at_95tpr": 0.39705882352941174
        }
      }
    },
    "average": {
      "1": {
        "f1_mean": 0.8417574854836097,
        "f1_std": 0.00917600099417512,
        "precision_mean": 0.8221552991785996,
        "precision_std": 0.030172023468443245,
        "recall_mean": 0.8643790849673203,
        "recall_std": 0.0295024021001108,
        "accuracy_mean": 0.8374183006535948,
        "accuracy_std": 0.012227638518869094,
        "fpr_at_95tpr_mean": 0.41176470588235287,
        "fpr_at_95tpr_std": 0.035574413491956274
      },
      "2": {
        "f1_mean": 0.8417574854836097,
        "f1_std": 0.00917600099417512,
        "precision_mean": 0.8221552991785996,
        "precision_std": 0.030172023468443245,
        "recall_mean": 0.8643790849673203,
        "recall_std": 0.0295024021001108,
        "accuracy_mean": 0.8374183006535948,
        "accuracy_std": 0.012227638518869094,
        "fpr_at_95tpr_mean": 0.41176470588235287,
        "fpr_at_95tpr_std": 0.035574413491956274
      },
      "3": {
        "f1_mean": 0.8417574854836097,
        "f1_std": 0.00917600099417512,
        "precision_mean": 0.8221552991785996,
        "precision_std": 0.030172023468443245,
        "recall_mean": 0.8643790849673203,
        "recall_std": 0.0295024021001108,
        "accuracy_mean": 0.8374183006535948,
        "accuracy_std": 0.012227638518869094,
        "fpr_at_95tpr_mean": 0.41176470588235287,
        "fpr_at_95tpr_std": 0.035574413491956274
      },
      "5": {
        "f1_mean": 0.8417574854836097,
        "f1_std": 0.00917600099417512,
        "precision_mean": 0.8221552991785996,
        "precision_std": 0.030172023468443245,
        "recall_mean": 0.8643790849673203,
        "recall_std": 0.0295024021001108,
        "accuracy_mean": 0.8374183006535948,
        "accuracy_std": 0.012227638518869094,
        "fpr_at_95tpr_mean": 0.41176470588235287,
        "fpr_at_95tpr_std": 0.035574413491956274
      },
      "full": {
        "f1_mean": 0.8417574854836097,
        "f1_std": 0.00917600099417512,
        "precision_mean": 0.8221552991785996,
        "precision_std": 0.030172023468443245,
        "recall_mean": 0.8643790849673203,
        "recall_std": 0.0295024021001108,
        "accuracy_mean": 0.8374183006535948,
        "accuracy_std": 0.012227638518869094,
        "fpr_at_95tpr_mean": 0.41176470588235287,
        "fpr_at_95tpr_std": 0.035574413491956274
      }
    },
    "seeds_used": [
      "42",
      "123",
      "456"
    ]
  },
  "scrambled": {
    "per_seed": {
      "42": {
        "1": {
          "f1": 0.6370967741935484,
          "precision": 0.541095890410959,
          "recall": 0.7745098039215687,
          "accuracy": 0.5588235294117647,
          "fpr_at_95tpr": 0.7843137254901961
        },
        "2": {
          "f1": 0.6370967741935484,
          "precision": 0.541095890410959,
          "recall": 0.7745098039215687,
          "accuracy": 0.5588235294117647,
          "fpr_at_95tpr": 0.7843137254901961
        },
        "3": {
          "f1": 0.6370967741935484,
          "precision": 0.541095890410959,
          "recall": 0.7745098039215687,
          "accuracy": 0.5588235294117647,
          "fpr_at_95tpr": 0.7843137254901961
        },
        "5": {
          "f1": 0.6370967741935484,
          "precision": 0.541095890410959,
          "recall": 0.7745098039215687,
          "accuracy": 0.5588235294117647,
          "fpr_at_95tpr": 0.7843137254901961
        },
        "full": {
          "f1": 0.6370967741935484,
          "precision": 0.541095890410959,
          "recall": 0.7745098039215687,
          "accuracy": 0.5588235294117647,
          "fpr_at_95tpr": 0.7843137254901961
        }
      },
      "456": {
        "1": {
          "f1": 0.6973684210526315,
          "precision": 0.6309523809523809,
          "recall": 0.7794117647058824,
          "accuracy": 0.6617647058823529,
          "fpr_at_95tpr": 0.6029411764705882
        },
        "2": {
          "f1": 0.6973684210526315,
          "precision": 0.6309523809523809,
          "recall": 0.7794117647058824,
          "accuracy": 0.6617647058823529,