{
  "scrambled_seed123": {
    "1": {
      "f1": 0.73767258382643,
      "precision": 0.6171617161716172,
      "recall": 0.9166666666666666,
      "accuracy": 0.6740196078431373,
      "fpr_at_95tpr": 0.6862745098039216
    },
    "2": {
      "f1": 0.73767258382643,
      "precision": 0.6171617161716172,
      "recall": 0.9166666666666666,
      "accuracy": 0.6740196078431373,
      "fpr_at_95tpr": 0.6862745098039216
    },
    "3": {
      "f1": 0.73767258382643,
      "precision": 0.6171617161716172,
      "recall": 0.9166666666666666,
      "accuracy": 0.6740196078431373,
      "fpr_at_95tpr": 0.6862745098039216
    },
    "5": {
      "f1": 0.73767258382643,
      "precision": 0.6171617161716172,
      "recall": 0.9166666666666666,
      "accuracy": 0.6740196078431373,
      "fpr_at_95tpr": 0.6862745098039216
    },
    "full": {
      "f1": 0.73767258382643,
      "precision": 0.6171617161716172,
      "recall": 0.9166666666666666,
      "accuracy": 0.6740196078431373,
      "fpr_at_95tpr": 0.6862745098039216
    }
  }
}