{
  "early_detection": {
    "2": {
      "treatment": {
        "f1": 0.9866666666666667,
        "precision": 0.9736842105263158,
        "recall": 1.0,
        "accuracy": 0.9861111111111112,
        "fpr_at_95tpr": 0.0
      },
      "baseline": {
        "f1": 0.8787878787878788,
        "precision": 1.0,
        "recall": 0.7837837837837838,
        "accuracy": 0.8888888888888888,
        "fpr_at_95tpr": 0.05714285714285714
      },
      "tfidf": {
        "f1": 1.0,
        "precision": 1.0,
        "recall": 1.0,
        "accuracy": 1.0,
        "fpr_at_95tpr": 0.0
      }
    },
    "3": {
      "treatment": {
        "f1": 0.9866666666666667,
        "precision": 0.9736842105263158,
        "recall": 1.0,
        "accuracy": 0.9861111111111112,
        "fpr_at_95tpr": 0.0
      },
      "baseline": {
        "f1": 0.927536231884058,
        "precision": 1.0,
        "recall": 0.8648648648648649,
        "accuracy": 0.9305555555555556,
        "fpr_at_95tpr": 0.05714285714285714
      },
      "tfidf": {
        "f1": 1.0,
        "precision": 1.0,
        "recall": 1.0,
        "accuracy": 1.0,
        "fpr_at_95tpr": 0.0
      }
    },
    "5": {
      "treatment": {
        "f1": 1.0,
        "precision": 1.0,
        "recall": 1.0,
        "accuracy": 1.0,
        "fpr_at_95tpr": 0.0
      },
      "baseline": {
        "f1": 0.9577464788732394,
        "precision": 1.0,
        "recall": 0.918918918918919,
        "accuracy": 0.9583333333333334,
        "fpr_at_95tpr": 0.0
      },
      "tfidf": {
        "f1": 1.0,
        "precision": 1.0,
        "recall": 1.0,
        "accuracy": 1.0,
        "fpr_at_95tpr": 0.0
      }
    },
    "full": {
      "treatment": {
        "f1": 1.0,
        "precision": 1.0,
        "recall": 1.0,
        "accuracy": 1.0,
        "fpr_at_95tpr": 0.0
      },
      "baseline": {
        "f1": 0.9866666666666667,
        "precision": 0.9736842105263158,
        "recall": 1.0,
        "accuracy": 0.9861111111111112,
        "fpr_at_95tpr": 0.0
      },
      "tfidf": {
        "f1": 1.0,
        "precision": 1.0,
        "recall": 1.0,
        "accuracy": 1.0,
        "fpr_at_95tpr": 0.0
      }
    }
  },
  "stage1": {
    "best_epoch": 3,
    "val_persuasion_acc": 0.7963,
    "val_intent_acc": 0.9514,
    "val_loss": 0.6164
  }
}