{
  "overall": {
    "f1_macro": 0.7371794871794872,
    "f1_per_class": [
      0.5,
      0.9743589743589743
    ],
    "accuracy": 0.9512195121951219,
    "fpr_at_95tpr": 0.0,
    "confusion_matrix": [
      [
        1,
        2
      ],
      [
        0,
        38
      ]
    ]
  },
  "early_detection": {
    "k=2": {
      "accuracy": 0.9512195121951219,
      "f1_macro": 0.7371794871794872
    },
    "k=3": {
      "accuracy": 0.975609756097561,
      "f1_macro": 0.8935064935064936
    },
    "k=5": {
      "accuracy": 0.975609756097561,
      "f1_macro": 0.8935064935064936
    }
  },
  "per_attack_type": {
    "crescendo": {
      "f1_macro": 1.0,
      "accuracy": 1.0,
      "n": 38
    },
    "none": {
      "f1_macro": 0.25,
      "accuracy": 0.3333333333333333,
      "n": 3
    }
  }
}