{
  "full": {
    "f1_macro": 1.0,
    "accuracy": 1.0,
    "fpr_at_95tpr": 0.0
  },
  "k=2": {
    "f1_macro": 0.8935064935064936,
    "accuracy": 0.975609756097561,
    "fpr_at_95tpr": 0.0
  },
  "k=3": {
    "f1_macro": 0.8935064935064936,
    "accuracy": 0.975609756097561,
    "fpr_at_95tpr": 0.0
  },
  "k=5": {
    "f1_macro": 0.8935064935064936,
    "accuracy": 0.975609756097561,
    "fpr_at_95tpr": 0.0
  }
}