{
  "experiment": "plan_016v2_topic_control",
  "seed": 123,
  "dd_results": {
    "full": {
      "f1_macro": 0.25245486221095975,
      "precision": 0.40948275862068967,
      "recall": 0.4930921052631579,
      "n": 118
    },
    "k=1": {
      "f1_macro": 0.4056500474487189,
      "precision": 0.5379862700228832,
      "recall": 0.5273026315789473,
      "n": 118
    },
    "k=2": {
      "f1_macro": 0.358695652173913,
      "precision": 0.5864779874213837,
      "recall": 0.5361842105263157,
      "n": 118
    },
    "k=3": {
      "f1_macro": 0.3354642313546423,
      "precision": 0.5666666666666667,
      "recall": 0.5236842105263158,
      "n": 118
    },
    "k=5": {
      "f1_macro": 0.28451059138514845,
      "precision": 0.6652173913043478,
      "recall": 0.51875,
      "n": 118
    }
  },
  "iid_results": {
    "full": {
      "f1_macro": 0.9736842105263158,
      "precision": 0.9736842105263158,
      "recall": 0.9736842105263158,
      "n": 76
    },
    "k=1": {
      "f1_macro": 0.788888888888889,
      "precision": 0.7927170868347339,
      "recall": 0.7894736842105263,
      "n": 76
    },
    "k=2": {
      "f1_macro": 0.8810641627543035,
      "precision": 0.8883016208597605,
      "recall": 0.881578947368421,
      "n": 76
    },
    "k=3": {
      "f1_macro": 0.9473684210526315,
      "precision": 0.9473684210526315,
      "recall": 0.9473684210526315,
      "n": 76
    },
    "k=5": {
      "f1_macro": 1.0,
      "precision": 1.0,
      "recall": 1.0,
      "n": 76
    }
  }
}