{
  "model": "plan_013_binary_collapse",
  "attack": "deceptive_delight",
  "num_dd": 80,
  "num_benign": 38,
  "results": {
    "binary_treatment": {
      "full": {
        "f1_macro": 0.9903618394184432,
        "precision": 1.0,
        "recall": 0.9875,
        "accuracy": 0.9915254237288136,
        "fpr_at_95tpr": 0.0
      },
      "k1": {
        "f1_macro": 0.9808503732554366,
        "precision": 1.0,
        "recall": 0.975,
        "accuracy": 0.9830508474576272,
        "fpr_at_95tpr": 0.0
      },
      "k2": {
        "f1_macro": 0.9808503732554366,
        "precision": 1.0,
        "recall": 0.975,
        "accuracy": 0.9830508474576272,
        "fpr_at_95tpr": 0.0
      },
      "k3": {
        "f1_macro": 0.9714585181004596,
        "precision": 1.0,
        "recall": 0.9625,
        "accuracy": 0.9745762711864406,
        "fpr_at_95tpr": 0.0
      },
      "k5": {
        "f1_macro": 1.0,
        "precision": 1.0,
        "recall": 1.0,
        "accuracy": 1.0,
        "fpr_at_95tpr": 0.0
      }
    },
    "vanilla_baseline": {
      "full": {
        "f1_macro": 0.28451059138514845,
        "precision": 1.0,
        "recall": 0.0375,
        "accuracy": 0.3474576271186441,
        "fpr_at_95tpr": 0.21052631578947367
      },
      "k1": {
        "f1_macro": 0.5751728110599079,
        "precision": 0.96875,
        "recall": 0.3875,
        "accuracy": 0.576271186440678,
        "fpr_at_95tpr": 0.47368421052631576
      },
      "k2": {
        "f1_macro": 0.4380952380952381,
        "precision": 1.0,
        "recall": 0.2,
        "accuracy": 0.4576271186440678,
        "fpr_at_95tpr": 0.23684210526315788
      },
      "k3": {
        "f1_macro": 0.3596269968661622,
        "precision": 1.0,
        "recall": 0.1125,
        "accuracy": 0.3983050847457627,
        "fpr_at_95tpr": 0.3157894736842105
      },
      "k5": {
        "f1_macro": 0.3104791585508376,
        "precision": 1.0,
        "recall": 0.0625,
        "accuracy": 0.3644067796610169,
        "fpr_at_95tpr": 0.21052631578947367
      }
    }
  }
}