{
  "experiment": "plan_016v2_topic_control",
  "seed": 42,
  "dd_results": {
    "full": {
      "f1_macro": 0.7268518518518519,
      "precision": 0.7714285714285714,
      "recall": 0.8,
      "n": 118
    },
    "k=1": {
      "f1_macro": 0.697103043637697,
      "precision": 0.7164502164502164,
      "recall": 0.7467105263157895,
      "n": 118
    },
    "k=2": {
      "f1_macro": 0.7157456748667785,
      "precision": 0.7409288824383164,
      "recall": 0.7730263157894737,
      "n": 118
    },
    "k=3": {
      "f1_macro": 0.7169029443838604,
      "precision": 0.7490488732806555,
      "recall": 0.7799342105263158,
      "n": 118
    },
    "k=5": {
      "f1_macro": 0.7502007445798964,
      "precision": 0.7751814223512337,
      "recall": 0.8118421052631579,
      "n": 118
    }
  },
  "iid_results": {
    "full": {
      "f1_macro": 1.0,
      "precision": 1.0,
      "recall": 1.0,
      "n": 76
    },
    "k=1": {
      "f1_macro": 0.8946638946638947,
      "precision": 0.8958333333333333,
      "recall": 0.8947368421052632,
      "n": 76
    },
    "k=2": {
      "f1_macro": 0.9473319473319473,
      "precision": 0.9486111111111111,
      "recall": 0.9473684210526316,
      "n": 76
    },
    "k=3": {
      "f1_macro": 0.9605194805194806,
      "precision": 0.9608454608454609,
      "recall": 0.9605263157894737,
      "n": 76
    },
    "k=5": {
      "f1_macro": 0.9868398268398269,
      "precision": 0.9871794871794872,
      "recall": 0.986842105263158,
      "n": 76
    }
  }
}