{
  "experiment": "plan_017_mlm_seed456",
  "seed": 456,
  "mlm_checkpoint": "checkpoints/plan_017_mlm_seed456/best",
  "dd_ood_results": {
    "full": {
      "f1_macro": 0.7512177390039985,
      "precision": 1.0,
      "recall": 0.6375,
      "accuracy": 0.7542372881355932
    },
    "k=1": {
      "f1_macro": 0.9600271002710027,
      "precision": 0.9523809523809523,
      "recall": 1.0,
      "accuracy": 0.9661016949152542
    },
    "k=2": {
      "f1_macro": 1.0,
      "precision": 1.0,
      "recall": 1.0,
      "accuracy": 1.0
    },
    "k=3": {
      "f1_macro": 1.0,
      "precision": 1.0,
      "recall": 1.0,
      "accuracy": 1.0
    },
    "k=5": {
      "f1_macro": 1.0,
      "precision": 1.0,
      "recall": 1.0,
      "accuracy": 1.0
    }
  },
  "iid_results": {
    "full": {
      "f1_macro": 0.9868398268398269,
      "precision": 1.0,
      "recall": 0.9736842105263158,
      "accuracy": 0.9868421052631579
    },
    "k=1": {
      "f1_macro": 0.9209979209979211,
      "precision": 0.9,
      "recall": 0.9473684210526315,
      "accuracy": 0.9210526315789473
    },
    "k=2": {
      "f1_macro": 0.9868398268398269,
      "precision": 1.0,
      "recall": 0.9736842105263158,
      "accuracy": 0.9868421052631579
    },
    "k=3": {
      "f1_macro": 0.9868398268398269,
      "precision": 1.0,
      "recall": 0.9736842105263158,
      "accuracy": 0.9868421052631579
    },
    "k=5": {
      "f1_macro": 0.9868398268398269,
      "precision": 1.0,
      "recall": 0.9736842105263158,
      "accuracy": 0.9868421052631579
    }
  }
}