{
  "seeds": [
    42,
    123,
    456
  ],
  "dd_ood": {
    "k=1": {
      "values": [
        0.697103043637697,
        0.4056500474487189,
        0.6706976744186046
      ],
      "mean": 0.5912,
      "std": 0.1316
    },
    "k=2": {
      "values": [
        0.7157456748667785,
        0.358695652173913,
        0.7033422064477965
      ],
      "mean": 0.5926,
      "std": 0.1655
    },
    "k=3": {
      "values": [
        0.7169029443838604,
        0.3354642313546423,
        0.6529411764705882
      ],
      "mean": 0.5684,
      "std": 0.1668
    },
    "k=5": {
      "values": [
        0.7502007445798964,
        0.28451059138514845,
        0.6836919510251395
      ],
      "mean": 0.5728,
      "std": 0.2057
    },
    "full": {
      "values": [
        0.7268518518518519,
        0.25245486221095975,
        0.6440677966101694
      ],
      "mean": 0.5411,
      "std": 0.2069
    }
  },
  "iid": {
    "k=1": {
      "values": [
        0.8946638946638947,
        0.788888888888889,
        0.7478610092544089
      ],
      "mean": 0.8105,
      "std": 0.0618
    },
    "k=2": {
      "values": [
        0.9473319473319473,
        0.8810641627543035,
        0.8683298683298684
      ],
      "mean": 0.8989,
      "std": 0.0346
    },
    "k=3": {
      "values": [
        0.9605194805194806,
        0.9473684210526315,
        0.8805657412257726
      ],
      "mean": 0.9295,
      "std": 0.035
    },
    "k=5": {
      "values": [
        0.9868398268398269,
        1.0,
        0.9604647130223687
      ],
      "mean": 0.9824,
      "std": 0.0164
    },
    "full": {
      "values": [
        1.0,
        0.9736842105263158,
        0.9472222222222222
      ],
      "mean": 0.9736,
      "std": 0.0215
    }
  }
}