{
  "experiment": "plan_017_mlm_seed123",
  "seed": 123,
  "mlm_checkpoint": "checkpoints/plan_017_mlm_seed123/best",
  "dd_ood_results": {
    "full": {
      "f1_macro": 0.9902277432712215,
      "precision": 0.9876543209876543,
      "recall": 1.0,
      "accuracy": 0.9915254237288136
    },
    "k=1": {
      "f1_macro": 0.9600271002710027,
      "precision": 0.9523809523809523,
      "recall": 1.0,
      "accuracy": 0.9661016949152542
    },
    "k=2": {
      "f1_macro": 0.9803136469803136,
      "precision": 0.975609756097561,
      "recall": 1.0,
      "accuracy": 0.9830508474576272
    },
    "k=3": {
      "f1_macro": 0.9902277432712215,
      "precision": 0.9876543209876543,
      "recall": 1.0,
      "accuracy": 0.9915254237288136
    },
    "k=5": {
      "f1_macro": 0.9902277432712215,
      "precision": 0.9876543209876543,
      "recall": 1.0,
      "accuracy": 0.9915254237288136
    }
  },
  "iid_results": {
    "full": {
      "f1_macro": 0.9605194805194806,
      "precision": 0.972972972972973,
      "recall": 0.9473684210526315,
      "accuracy": 0.9605263157894737
    },
    "k=1": {
      "f1_macro": 0.8947368421052632,
      "precision": 0.8947368421052632,
      "recall": 0.8947368421052632,
      "accuracy": 0.8947368421052632
    },
    "k=2": {
      "f1_macro": 0.9473684210526315,
      "precision": 0.9473684210526315,
      "recall": 0.9473684210526315,
      "accuracy": 0.9473684210526315
    },
    "k=3": {
      "f1_macro": 0.9605194805194806,
      "precision": 0.972972972972973,
      "recall": 0.9473684210526315,
      "accuracy": 0.9605263157894737
    },
    "k=5": {
      "f1_macro": 0.9605194805194806,
      "precision": 0.972972972972973,
      "recall": 0.9473684210526315,
      "accuracy": 0.9605263157894737
    }
  }
}