{
  "experiment": "plan_017_mlm_3seed_summary",
  "seeds": [
    42,
    123,
    456
  ],
  "dd_ood": {
    "k=1": {
      "f1_per_seed": [
        1.0,
        0.9600271002710027,
        0.9600271002710027
      ],
      "f1_mean": 0.9733514001806686,
      "f1_std": 0.01884340564137594
    },
    "k=2": {
      "f1_per_seed": [
        1.0,
        0.9803136469803136,
        1.0
      ],
      "f1_mean": 0.9934378823267712,
      "f1_std": 0.009280235811368324
    },
    "k=3": {
      "f1_per_seed": [
        1.0,
        0.9902277432712215,
        1.0
      ],
      "f1_mean": 0.9967425810904071,
      "f1_std": 0.004606686000276745
    },
    "k=5": {
      "f1_per_seed": [
        1.0,
        0.9902277432712215,
        1.0
      ],
      "f1_mean": 0.9967425810904071,
      "f1_std": 0.004606686000276745
    },
    "full": {
      "f1_per_seed": [
        1.0,
        0.9902277432712215,
        0.7512177390039985
      ],
      "f1_mean": 0.9138151607584066,
      "f1_std": 0.11504293523515169
    }
  },
  "iid": {
    "k=1": {
      "f1_per_seed": [
        0.9604647130223687,
        0.8947368421052632,
        0.9209979209979211
      ],
      "f1_mean": 0.9253998253751844,
      "f1_std": 0.027013216832183565
    },
    "k=2": {
      "f1_per_seed": [
        0.9736659736659736,
        0.9473684210526315,
        0.9868398268398269
      ],
      "f1_mean": 0.9692914071861439,
      "f1_std": 0.01640834325618517
    },
    "k=3": {
      "f1_per_seed": [
        0.9868398268398269,
        0.9605194805194806,
        0.9868398268398269
      ],
      "f1_mean": 0.978066378066378,
      "f1_std": 0.012407530244196842
    },
    "k=5": {
      "f1_per_seed": [
        1.0,
        0.9605194805194806,
        0.9868398268398269
      ],
      "f1_mean": 0.9824531024531025,
      "f1_std": 0.016413619705328678
    },
    "full": {
      "f1_per_seed": [
        1.0,
        0.9605194805194806,
        0.9868398268398269
      ],
      "f1_mean": 0.9824531024531025,
      "f1_std": 0.016413619705328678
    }
  }
}