{
  "experiment": "plan_016v2_topic_control",
  "seed": 456,
  "dd_results": {
    "full": {
      "f1_macro": 0.6440677966101694,
      "precision": 0.7375,
      "recall": 0.7375,
      "n": 118
    },
    "k=1": {
      "f1_macro": 0.6706976744186046,
      "precision": 0.6675595238095238,
      "recall": 0.6851973684210526,
      "n": 118
    },
    "k=2": {
      "f1_macro": 0.7033422064477965,
      "precision": 0.7149425287356321,
      "recall": 0.7460526315789473,
      "n": 118
    },
    "k=3": {
      "f1_macro": 0.6529411764705882,
      "precision": 0.6705069124423964,
      "recall": 0.6947368421052631,
      "n": 118
    },
    "k=5": {
      "f1_macro": 0.6836919510251395,
      "precision": 0.723010943507838,
      "recall": 0.7480263157894737,
      "n": 118
    }
  },
  "iid_results": {
    "full": {
      "f1_macro": 0.9472222222222222,
      "precision": 0.9523809523809523,
      "recall": 0.9473684210526316,
      "n": 76
    },
    "k=1": {
      "f1_macro": 0.7478610092544089,
      "precision": 0.7587813620071684,
      "recall": 0.75,
      "n": 76
    },
    "k=2": {
      "f1_macro": 0.8683298683298684,
      "precision": 0.8694444444444445,
      "recall": 0.868421052631579,
      "n": 76
    },
    "k=3": {
      "f1_macro": 0.8805657412257726,
      "precision": 0.8949820788530466,
      "recall": 0.881578947368421,
      "n": 76
    },
    "k=5": {
      "f1_macro": 0.9604647130223687,
      "precision": 0.9634146341463414,
      "recall": 0.9605263157894737,
      "n": 76
    }
  }
}