{
  "9class": {
    "IID": {
      "original": [
        1.0,
        1.0,
        1.0
      ],
      "shuffled": [
        1.0,
        1.0,
        1.0,
        1.0,
        1.0,
        1.0,
        1.0,
        1.0,
        1.0
      ]
    },
    "DD_OOD": {
      "original": [
        0.9808503732554366,
        0.9903618394184432,
        0.9903618394184432
      ],
      "shuffled": [
        0.9808503732554366,
        0.9808503732554366,
        0.9903618394184432,
        0.9903618394184432,
        0.9903618394184432,
        0.9903618394184432,
        0.9903618394184432,
        0.9903618394184432,
        0.9903618394184432
      ]
    },
    "AA_OOD": {
      "original": [
        0.9808503732554366,
        0.8658582796513832,
        0.9903618394184432
      ],
      "shuffled": [
        0.9714585181004596,
        0.9714585181004596,
        0.9714585181004596,
        0.857487922705314,
        0.857487922705314,
        0.8658582796513832,
        0.9808503732554366,
        0.9808503732554366,
        0.9903618394184432
      ]
    }
  },
  "vanilla": {
    "IID": {
      "original": [
        1.0,
        1.0,
        1.0
      ],
      "shuffled": [
        0.9868398268398269,
        1.0,
        0.9736659736659736,
        1.0,
        1.0,
        0.9868398268398269,
        0.9868398268398269,
        0.9868398268398269,
        0.9736842105263158
      ]
    },
    "DD_OOD": {
      "original": [
        0.8827486050600015,
        0.9714585181004596,
        0.9260651629072681
      ],
      "shuffled": [
        0.7755340942347089,
        0.7674282794364552,
        0.8326241134751773,
        0.9172574990261005,
        0.8912776412776413,
        0.89986885751755,
        0.8162130089742639,
        0.7998967779989677,
        0.849161591097075
      ]
    },
    "AA_OOD": {
      "original": [
        1.0,
        1.0,
        1.0
      ],
      "shuffled": [
        0.9710855182553295,
        0.9902277432712215,
        0.9903618394184432,
        0.9903618394184432,
        0.9902277432712215,
        0.9903618394184432,
        0.9621794871794871,
        0.9621794871794871,
        0.9714585181004596
      ]
    }
  }
}