{
  "9class": {
    "IID": {
      "original": [
        1.0,
        1.0,
        1.0
      ],
      "shuffled": [
        1.0,
        1.0,
        1.0,
        1.0,
        1.0,
        1.0,
        1.0,
        1.0,
        1.0
      ]
    },
    "DD_OOD": {
      "original": [
        1.0,
        0.9903618394184432,
        0.9903618394184432
      ],
      "shuffled": [
        1.0,
        1.0,
        1.0,
        0.9903618394184432,
        0.9903618394184432,
        0.9903618394184432,
        0.9903618394184432,
        0.9903618394184432,
        0.9903618394184432
      ]
    },
    "AA_OOD": {
      "original": [
        0.9808503732554366,
        0.9621794871794871,
        0.8742770167427701
      ],
      "shuffled": [
        0.9808503732554366,
        0.9621794871794871,
        0.9808503732554366,
        0.9621794871794871,
        0.9714585181004596,
        0.9621794871794871,
        0.857487922705314,
        0.857487922705314,
        0.8408750374587952
      ]
    }
  }
}