{
  "vanilla_dd_ood": {
    "seed123": {
      "full": 0.3048,
      "k1": 0.6575,
      "k2": 0.5298,
      "k3": 0.4241,
      "k5": 0.3829
    },
    "seed456": {
      "full": 0.3477,
      "k1": 0.6523,
      "k2": 0.4693,
      "k3": 0.3829,
      "k5": 0.3596
    },
    "seed42": {
      "k1": 0.5752,
      "k2": 0.4381,
      "k3": 0.3594,
      "k5": 0.3105,
      "full": 0.2845
    },
    "mean_std": {
      "k1": {
        "mean": 0.6283,
        "std": 0.0376
      },
      "k2": {
        "mean": 0.4791,
        "std": 0.0381
      },
      "k3": {
        "mean": 0.3888,
        "std": 0.0267
      },
      "k5": {
        "mean": 0.351,
        "std": 0.0302
      },
      "full": {
        "mean": 0.3123,
        "std": 0.0263
      }
    }
  },
  "centered_cka": {
    "iid": {
      "vanilla_vs_mlm": 0.442136,
      "vanilla_vs_9class": 0.392865,
      "mlm_vs_9class": 0.585814
    },
    "dd_ood": {
      "vanilla_vs_mlm": 0.797107,
      "vanilla_vs_9class": 0.648811,
      "mlm_vs_9class": 0.773282
    }
  },
  "uncentered_cka_reference": {
    "iid": {
      "vanilla_vs_mlm": 0.999987,
      "vanilla_vs_9class": 0.420627,
      "mlm_vs_9class": 0.422119
    },
    "dd_ood": {
      "vanilla_vs_mlm": 0.999993,
      "vanilla_vs_9class": 0.523343,
      "mlm_vs_9class": 0.523185
    }
  },
  "layerwise_centered_cka": {
    "iid": {
      "vanilla_vs_mlm": {
        "layer_0": 0.0,
        "layer_1": 0.999321,
        "layer_2": 0.998567,
        "layer_3": 0.998053,
        "layer_4": 0.987357,
        "layer_5": 0.972959,
        "layer_6": 0.932789,
        "layer_7": 0.975683,
        "layer_8": 0.981397,
        "layer_9": 0.939958,
        "layer_10": 0.955386,
        "layer_11": 0.500355,
        "layer_12": 0.442136
      },
      "vanilla_vs_9class": {
        "layer_0": 0.0,
        "layer_1": 0.99135,
        "layer_2": 0.993835,
        "layer_3": 0.988278,
        "layer_4": 0.988018,
        "layer_5": 0.887381,
        "layer_6": 0.645634,
        "layer_7": 0.723451,
        "layer_8": 0.589173,
        "layer_9": 0.535624,
        "layer_10": 0.732783,
        "layer_11": 0.265077,
        "layer_12": 0.392865
      },
      "mlm_vs_9class": {
        "layer_0": 0.0,
        "layer_1": 0.990267,
        "layer_2": 0.990339,
        "layer_3": 0.986402,
        "layer_4": 0.971855,
        "layer_5": 0.940176,
        "layer_6": 0.592427,
        "layer_7": 0.654096,
        "layer_8": 0.585278,
        "layer_9": 0.636693,
        "layer_10": 0.766232,
        "layer_11": 0.445147,
        "layer_12": 0.585814
      }
    },
    "dd_ood": {
      "vanilla_vs_mlm": {
        "layer_0": 0.0,
        "layer_1": 0.998894,
        "layer_2": 0.998158,
        "layer_3": 0.997608,
        "layer_4": 0.988937,
        "layer_5": 0.996462,
        "layer_6": 0.971539,
        "layer_7": 0.99089,
        "layer_8": 0.992698,
        "layer_9": 0.973036,
        "layer_10": 0.991009,
        "layer_11": 0.716358,
        "layer_12": 0.797107
      },
      "vanilla_vs_9class": {
        "layer_0": 0.0,
        "layer_1": 0.989108,
        "layer_2": 0.994184,
        "layer_3": 0.987807,
        "layer_4": 0.984187,
        "layer_5": 0.986423,
        "layer_6": 0.77091,
        "layer_7": 0.850032,
        "layer_8": 0.858407,
        "layer_9": 0.83825,
        "layer_10": 0.853931,
        "layer_11": 0.503638,
        "layer_12": 0.648811
      },
      "mlm_vs_9class": {
        "layer_0": 0.0,
        "layer_1": 0.990716,
        "layer_2": 0.990667,
        "layer_3": 0.980845,
        "layer_4": 0.968917,
        "layer_5": 0.987767,
        "layer_6": 0.795832,
        "layer_7": 0.817278,
        "layer_8": 0.854793,
        "layer_9": 0.864301,
        "layer_10": 0.865065,
        "layer_11": 0.722175,
        "layer_12": 0.773282
      }
    }
  }
}