{
  "checkpoint": "checkpoints/lora_r8_s123",
  "seed": 123,
  "dd_f1": 0.9903618394184432,
  "aa_f1": 0.9714585181004596
}