{
  "checkpoint": "checkpoints/lora_r16_s123",
  "seed": 123,
  "dd_f1": 0.9902277432712215,
  "aa_f1": 0.9342094782954997
}