{
  "checkpoint": "checkpoints/lora_r8_s42",
  "seed": 42,
  "dd_f1": 0.9902277432712215,
  "aa_f1": 0.9432692307692307
}